city,lat,lon,language,language_count
San Francisco,-31.43003375,-62.08996749,JavaScript,170
San Francisco,37.74000775,-122.4599777,JavaScript,170
San Francisco,-31.43003375,-62.08996749,Ruby,130
San Francisco,37.74000775,-122.4599777,Ruby,130
London,37.12888226,-84.08335372,JavaScript,110
London,42.9699986,-81.24998661,JavaScript,110
London,51.49999473,-0.116721844,JavaScript,110
San Francisco,37.74000775,-122.4599777,Python,95
San Francisco,-31.43003375,-62.08996749,Python,95
Chicago,41.82999066,-87.75005497,JavaScript,89
New York,40.74997906,-73.98001693,JavaScript,80
Tokyo,35.68501691,139.7514074,JavaScript,71
Paris,48.86669293,2.333335326,JavaScript,67
Berlin,52.52181866,13.40154862,JavaScript,63
San Diego,32.82002382,-117.1799899,JavaScript,62
Amsterdam,52.34996869,4.916640176,Go,60
Brisbane,-27.45503091,153.0350927,C#,58
Chicago,41.82999066,-87.75005497,Ruby,57
London,37.12888226,-84.08335372,Python,54
London,51.49999473,-0.116721844,Python,54
London,42.9699986,-81.24998661,Python,54
Jyväskylä,62.26034568,25.74999385,JavaScript,52
Paris,48.86669293,2.333335326,PHP,52
Minneapolis,44.97997927,-93.25178634,JavaScript,51
Berlin,52.52181866,13.40154862,Python,51
Munich,48.12994204,11.57499345,Ruby,51
Austin,30.26694969,-97.74277836,JavaScript,49
Berlin,52.52181866,13.40154862,PHP,48
Kuala Lumpur,3.166665872,101.6999833,JavaScript,46
San Francisco,-31.43003375,-62.08996749,Java,46
San Francisco,37.74000775,-122.4599777,Java,46
Minneapolis,44.97997927,-93.25178634,Ruby,45
Catania,37.49997072,15.07999914,C,45
Tokyo,35.68501691,139.7514074,Ruby,44
Sydney,46.06611452,-60.17998071,JavaScript,42
Sydney,-33.92001097,151.1851798,JavaScript,42
Ho Chi Minh City,10.78002545,106.6950272,Ruby,42
Seattle,47.57000205,-122.339985,Python,42
Portland,43.67216158,-70.2455274,JavaScript,40
Portland,-38.33999957,141.5900032,JavaScript,40
Portland,45.52002382,-122.6799901,JavaScript,40
Moscow,55.75216412,37.61552283,PHP,39
Sydney,46.06611452,-60.17998071,Ruby,37
Sydney,-33.92001097,151.1851798,Ruby,37
Boston,42.32996014,-71.07001367,JavaScript,36
Helsinki,60.17556337,24.93412634,JavaScript,36
Cambridge,52.20039125,0.116623086,JavaScript,36
Bangalore,12.96999514,77.56000972,JavaScript,36
Tampa,27.94698793,-82.45862085,C#,36
Boston,42.32996014,-71.07001367,Ruby,36
Durham,35.99995892,-78.91999964,JavaScript,35
Athens,37.98332623,23.73332108,Python,34
Athens,33.96129783,-83.3780221,Python,34
Boston,42.32996014,-71.07001367,Python,34
Santa Rosa,38.45040367,-122.6999889,JavaScript,33
Santa Rosa,-27.86952757,-54.4599681,JavaScript,33
Santa Rosa,-36.6200012,-64.29998763,JavaScript,33
London,37.12888226,-84.08335372,Java,32
Vienna,48.20001528,16.36663896,Python,32
London,51.49999473,-0.116721844,Java,32
London,42.9699986,-81.24998661,Java,32
Sydney,46.06611452,-60.17998071,Clojure,32
Sydney,-33.92001097,151.1851798,Clojure,32
Sydney,-33.92001097,151.1851798,PHP,31
Sydney,46.06611452,-60.17998071,PHP,31
San Francisco,-31.43003375,-62.08996749,C,31
San Francisco,37.74000775,-122.4599777,C,31
Berlin,52.52181866,13.40154862,Ruby,31
Kuala Lumpur,3.166665872,101.6999833,PHP,31
Philadelphia,39.99997316,-75.16999597,JavaScript,30
Hobart,-42.85000853,147.2950297,JavaScript,30
Salt Lake City,40.7750163,-111.9300519,Ruby,30
St. Petersburg,59.93901451,30.31602006,JavaScript,30
St. Petersburg,27.77053876,-82.67938257,JavaScript,30
Madrid,40.40002626,-3.683351686,JavaScript,29
Portland,45.52002382,-122.6799901,Objective-C,29
Portland,-38.33999957,141.5900032,Objective-C,29
Singapore,1.293033466,103.8558207,JavaScript,29
Portland,43.67216158,-70.2455274,Objective-C,29
Berlin,52.52181866,13.40154862,Java,28
Melbourne,-37.82003131,144.9750162,JavaScript,28
Charlotte,35.20499453,-80.83003809,Ruby,28
Edinburgh,55.94832786,-3.219090618,JavaScript,28
Melbourne,28.08331036,-80.60832035,JavaScript,28
New York,40.74997906,-73.98001693,Ruby,28
New York,40.74997906,-73.98001693,Python,28
Los Angeles,33.98997825,-118.1799805,Perl,27
Vancouver,49.27341658,-123.1216442,JavaScript,27
Vancouver,45.63030133,-122.6399925,JavaScript,27
Los Angeles,-37.46000161,-72.35998661,Perl,27
Milan,45.4699752,9.20500891,C,27
Berlin,52.52181866,13.40154862,Swift,27
Berlin,52.52181866,13.40154862,Go,27
Bangkok,13.74999921,100.5166447,Ruby,26
Omaha,41.24000083,-96.00999007,Java,26
San Francisco,37.74000775,-122.4599777,Swift,26
San Francisco,-31.43003375,-62.08996749,Swift,26
Stuttgart,48.77997988,9.199996296,PHP,26
Prague,50.08333701,14.46597978,Ruby,26
Berlin,52.52181866,13.40154862,C++,25
New Haven,41.33038291,-72.90000533,Ruby,25
Edinburgh,55.94832786,-3.219090618,Perl,25
Boston,42.32996014,-71.07001367,PHP,25
Hamburg,53.55002464,9.999999144,PHP,25
Moscow,55.75216412,37.61552283,Python,24
Cambridge,52.20039125,0.116623086,Go,24
Catania,37.49997072,15.07999914,Ruby,24
Wellington,-41.29997394,174.7832743,JavaScript,24
Prague,50.08333701,14.46597978,JavaScript,23
Madrid,40.40002626,-3.683351686,Java,23
Hangzhou,30.24997398,120.1700187,Objective-C,23
Atlanta,33.83001385,-84.39994938,JavaScript,23
Beijing,39.92889223,116.3882857,Java,23
Melbourne,28.08331036,-80.60832035,Ruby,23
Philadelphia,39.99997316,-75.16999597,Ruby,23
San Francisco,-31.43003375,-62.08996749,PHP,23
San Francisco,37.74000775,-122.4599777,PHP,23
Melbourne,-37.82003131,144.9750162,Ruby,23
Melbourne,-37.82003131,144.9750162,Objective-C,22
Beijing,39.92889223,116.3882857,JavaScript,22
Cambridge,52.20039125,0.116623086,Python,22
Munich,48.12994204,11.57499345,JavaScript,22
Melbourne,28.08331036,-80.60832035,Objective-C,22
Nottingham,52.97034426,-1.170016725,Ruby,22
Westport,-41.77443223,171.5666665,Swift,22
Nagoya,35.15499758,136.9149914,Ruby,22
London,42.9699986,-81.24998661,Shell,21
Boston,42.32996014,-71.07001367,CSS,21
Chicago,41.82999066,-87.75005497,Python,21
London,37.12888226,-84.08335372,Shell,21
Provo,40.24889854,-111.63777,Ruby,21
Helsinki,60.17556337,24.93412634,Clojure,21
London,51.49999473,-0.116721844,Shell,21
Ann Arbor,42.30037539,-83.71999089,JavaScript,20
London,51.49999473,-0.116721844,Ruby,20
London,42.9699986,-81.24998661,Ruby,20
Norwich,52.63036501,1.300013386,PHP,20
London,51.49999473,-0.116721844,Perl6,20
Stockholm,59.35075995,18.09733473,Erlang,20
London,42.9699986,-81.24998661,Perl6,20
London,37.12888226,-84.08335372,Ruby,20
Berlin,52.52181866,13.40154862,Objective-C,20
Portland,45.52002382,-122.6799901,Ruby,20
Portland,-38.33999957,141.5900032,Ruby,20
Wellington,-41.29997394,174.7832743,PHP,20
Seattle,47.57000205,-122.339985,JavaScript,20
Brighton,50.83034568,-0.169974407,Go,20
London,37.12888226,-84.08335372,Perl6,20
Sofia,42.68334943,23.31665401,JavaScript,20
Portland,43.67216158,-70.2455274,Ruby,20
Santiago,-14.18958738,-75.73996118,Ruby,19
Rosario,-32.95112954,-60.66630762,PHP,19
Rosario,-2.940041485,-44.26002222,PHP,19
Santiago,-33.45001382,-70.66704085,Ruby,19
San Francisco,-31.43003375,-62.08996749,C++,19
Amsterdam,52.34996869,4.916640176,JavaScript,19
Belo Horizonte,-19.91502602,-43.91500452,Java,19
Rosario,-24.41960895,-57.10001367,PHP,19
San Francisco,37.74000775,-122.4599777,C++,19
Santiago,19.50000999,-70.67001225,Ruby,19
Santiago,8.100369892,-80.98333622,Ruby,19
Cape Town,-33.92001097,18.43498816,JavaScript,18
Concord,43.20807192,-71.53804712,JavaScript,18
New York,40.74997906,-73.98001693,Go,18
San Francisco,-31.43003375,-62.08996749,CSS,18
Westport,-41.77443223,171.5666665,Objective-C,18
San Francisco,-31.43003375,-62.08996749,Objective-C,18
Durham,35.99995892,-78.91999964,Clojure,18
New York,40.74997906,-73.98001693,CSS,18
Curitiba,-25.420013,-49.3199976,JavaScript,18
San Francisco,37.74000775,-122.4599777,Objective-C,18
San Francisco,37.74000775,-122.4599777,CSS,18
Seattle,47.57000205,-122.339985,Ruby,17
Austin,30.26694969,-97.74277836,Python,17
Buenos Aires,-34.60250161,-58.39753137,PHP,17
Beijing,39.92889223,116.3882857,ActionScript,17
Prague,50.08333701,14.46597978,PHP,17
Yogyakarta,-7.77995278,110.3750093,JavaScript,17
Portland,45.52002382,-122.6799901,Shell,17
Tokyo,35.68501691,139.7514074,Go,17
Munich,48.12994204,11.57499345,Emacs Lisp,17
Portland,-38.33999957,141.5900032,Shell,17
Seville,37.40501528,-5.980007366,Python,17
Portland,43.67216158,-70.2455274,Shell,17
Toulouse,43.61995892,1.449926716,C++,16
Santa Rosa,38.45040367,-122.6999889,Python,16
Paris,48.86669293,2.333335326,TeX,16
Santa Rosa,-27.86952757,-54.4599681,Python,16
Bend,44.071921,-121.3099962,Ruby,16
Toronto,43.69997988,-79.42002079,Python,16
London,51.49999473,-0.116721844,HTML,16
Granada,37.16497825,-3.585011435,PHP,16
Grand Rapids,42.96371991,-85.66994938,PHP,16
Sacramento,38.57502138,-121.4700381,PHP,16
Sydney,-33.92001097,151.1851798,Java,16
Budapest,47.50000633,19.08332068,Java,16
Santa Rosa,-36.6200012,-64.29998763,Python,16
Seoul,37.5663491,126.999731,Python,16
London,37.12888226,-84.08335372,HTML,16
London,42.9699986,-81.24998661,HTML,16
Sydney,46.06611452,-60.17998071,Java,16
Granada,11.93372764,-85.94998397,PHP,16
Lisbon,38.72272288,-9.144866305,JavaScript,15
London,37.12888226,-84.08335372,Scala,15
San Francisco,37.74000775,-122.4599777,Perl,15
Spokane,47.66999595,-117.4199494,PHP,15
Sydney,46.06611452,-60.17998071,C#,15
Edinburgh,55.94832786,-3.219090618,Java,15
Melbourne,-37.82003131,144.9750162,C#,15
Detroit,42.32996014,-83.08005579,PHP,15
Portland,43.67216158,-70.2455274,Python,15
Barcelona,10.13037518,-64.72001367,JavaScript,15
Beijing,39.92889223,116.3882857,Python,15
Portland,45.52002382,-122.6799901,Python,15
London,51.49999473,-0.116721844,Scala,15
Santiago,-33.45001382,-70.66704085,JavaScript,15
Barcelona,41.38329958,2.183370319,JavaScript,15
Sacramento,38.57502138,-121.4700381,C++,15
Portland,-38.33999957,141.5900032,Python,15
Jakarta,-6.174417705,106.8294376,PHP,15
Chicago,41.82999066,-87.75005497,CSS,15
Cambridge,52.20039125,0.116623086,Java,15
London,42.9699986,-81.24998661,Scala,15
Melbourne,28.08331036,-80.60832035,C#,15
Edmonton,53.55002464,-113.4999819,Ruby,15
Santiago,-14.18958738,-75.73996118,JavaScript,15
Santiago,8.100369892,-80.98333622,JavaScript,15
Sofia,42.68334943,23.31665401,PHP,15
San Francisco,-31.43003375,-62.08996749,Perl,15
Sydney,-33.92001097,151.1851798,C#,15
Santiago,19.50000999,-70.67001225,JavaScript,15
Evanston,42.04834943,-87.69995467,Python,14
London,37.12888226,-84.08335372,PHP,14
San Francisco,-31.43003375,-62.08996749,Shell,14
London,42.9699986,-81.24998661,PHP,14
Atlanta,33.83001385,-84.39994938,Ruby,14
Sydney,46.06611452,-60.17998071,CSS,14
New York,40.74997906,-73.98001693,PHP,14
Boulder,40.03844627,-105.246093,Ruby,14
Austin,30.26694969,-97.74277836,PHP,14
San Francisco,-31.43003375,-62.08996749,VimL,14
Singapore,1.293033466,103.8558207,Ruby,14
San Diego,32.82002382,-117.1799899,Ruby,14
Sydney,-33.92001097,151.1851798,CSS,14
Eugene,44.05001019,-123.1000161,JavaScript,14
Moscow,55.75216412,37.61552283,JavaScript,14
Hamburg,53.55002464,9.999999144,JavaScript,14
San Diego,32.82002382,-117.1799899,Python,14
Southampton,50.90003135,-1.399976849,Python,14
San Francisco,37.74000775,-122.4599777,Shell,14
San Francisco,37.74000775,-122.4599777,VimL,14
London,51.49999473,-0.116721844,PHP,14
San Antonio,29.48733319,-98.50730534,Python,13
Bern,46.91668276,7.466975462,Python,13
Stockholm,59.35075995,18.09733473,JavaScript,13
Milan,45.4699752,9.20500891,Java,13
Munich,48.12994204,11.57499345,Java,13
Stockholm,59.35075995,18.09733473,Java,13
Toronto,43.69997988,-79.42002079,JavaScript,13
Brasilia,-15.78334023,-47.91605229,Shell,13
Melbourne,28.08331036,-80.60832035,PHP,13
Carlsbad,32.420565,-104.2282998,Java,13
Fukuoka,33.59501528,130.4100138,JavaScript,13
Madison,43.07301556,-89.40111699,Ruby,13
Medellin,6.275003274,-75.57501001,Ruby,13
Jakarta,-6.174417705,106.8294376,JavaScript,13
Lawrence,38.95975242,-95.25522994,Python,13
Seattle,47.57000205,-122.339985,PHP,13
San Antonio,-33.59951373,-71.60998071,Python,13
Munich,48.12994204,11.57499345,Groovy,13
Melbourne,-37.82003131,144.9750162,PHP,13
Cluj-Napoca,46.78842185,23.5984456,JavaScript,13
Salt Lake City,40.7750163,-111.9300519,JavaScript,12
Sacramento,38.57502138,-121.4700381,Java,12
Hyderabad,17.39998313,78.47995357,Python,12
London,42.9699986,-81.24998661,CSS,12
Ho Chi Minh City,10.78002545,106.6950272,JavaScript,12
Nashville,36.16997438,-86.77998499,Python,12
Hobart,-42.85000853,147.2950297,PHP,12
Salt Lake City,40.7750163,-111.9300519,Java,12
Chicago,41.82999066,-87.75005497,Shell,12
Austin,30.26694969,-97.74277836,Ruby,12
Hyderabad,25.379987,68.37498897,Python,12
San Francisco,-31.43003375,-62.08996749,HTML,12
Brighton,50.83034568,-0.169974407,JavaScript,12
Anchorage,61.21996991,-149.9002149,Python,12
Tokyo,35.68501691,139.7514074,C++,12
Tokyo,35.68501691,139.7514074,Perl,12
San Diego,32.82002382,-117.1799899,PHP,12
Tokyo,35.68501691,139.7514074,Python,12
London,37.12888226,-84.08335372,CSS,12
Waterloo,42.49315432,-92.34279789,JavaScript,12
Berlin,52.52181866,13.40154862,C#,12
Atlanta,33.83001385,-84.39994938,C#,12
Wales,65.60959861,-168.0875027,PHP,12
Mexico City,19.44244244,-99.1309882,JavaScript,12
San Francisco,37.74000775,-122.4599777,HTML,12
London,51.49999473,-0.116721844,CSS,12
Stuttgart,48.77997988,9.199996296,JavaScript,12
Munich,48.12994204,11.57499345,Shell,12
Philadelphia,39.99997316,-75.16999597,Java,12
Cambridge,52.20039125,0.116623086,Ruby,12
Kuala Lumpur,3.166665872,101.6999833,CSS,12
Tampa,27.94698793,-82.45862085,Ruby,12
Minneapolis,44.97997927,-93.25178634,Clojure,12
Singapore,1.293033466,103.8558207,HTML,12
Prague,50.08333701,14.46597978,Java,12
Seattle,47.57000205,-122.339985,Go,11
San Rafael,-16.77950682,-60.6799502,Ruby,11
San Rafael,-34.60002114,-68.33333317,Erlang,11
San Rafael,-34.60002114,-68.33333317,Ruby,11
San Rafael,-16.77950682,-60.6799502,Erlang,11
Ann Arbor,42.30037539,-83.71999089,Python,11
Buffalo,42.87997825,-78.88000208,Java,11
Athens,33.96129783,-83.3780221,JavaScript,11
Athens,37.98332623,23.73332108,JavaScript,11
Paris,48.86669293,2.333335326,Java,11
New York,40.74997906,-73.98001693,Objective-C,11
Austin,30.26694969,-97.74277836,HTML,11
Barcelona,10.13037518,-64.72001367,PHP,10
Tokyo,35.68501691,139.7514074,HTML,10
San Jose,9.93501243,-84.08405135,C,10
Nashville,36.16997438,-86.77998499,JavaScript,10
Scottsdale,33.69234784,-111.8680402,C#,10
Stockholm,59.35075995,18.09733473,Shell,10
Belo Horizonte,-19.91502602,-43.91500452,Python,10
Budapest,47.50000633,19.08332068,JavaScript,10
Durham,35.99995892,-78.91999964,Ruby,10
Nagoya,35.15499758,136.9149914,CSS,10
London,51.49999473,-0.116721844,Perl,10
London,51.49999473,-0.116721844,C,10
Missoula,46.87224103,-113.9930526,Python,10
Leeds,53.83000755,-1.580017539,PHP,10
San Jose,9.93501243,-84.08405135,JavaScript,10
San Jose,13.93972958,-90.82003203,Verilog,10
London,37.12888226,-84.08335372,Perl,10
London,37.12888226,-84.08335372,C,10
Montréal,45.49999921,-73.58329696,PHP,10
Florida,-34.09900201,-56.21499845,C#,10
Stavanger,58.97000389,5.680004434,Java,10
Hyderabad,25.379987,68.37498897,Ruby,10
Toronto,43.69997988,-79.42002079,Objective-C,10
Chicago,41.82999066,-87.75005497,VimL,10
San Jose,37.29998293,-121.8499891,Verilog,10
San Jose,37.29998293,-121.8499891,JavaScript,10
Barcelona,10.13037518,-64.72001367,C++,10
Bangalore,12.96999514,77.56000972,Ruby,10
Detroit,42.32996014,-83.08005579,JavaScript,10
Scottsdale,-41.14949217,147.5166699,C#,10
San Jose,37.29998293,-121.8499891,C,10
San Jose,9.93501243,-84.08405135,Verilog,10
San Jose,13.93972958,-90.82003203,C,10
Manchester,42.99599184,-71.45528731,Puppet,10
Oslo,59.91669029,10.74997921,JavaScript,10
Barcelona,41.38329958,2.183370319,C++,10
Dublin,53.33306114,-6.248905682,Python,10
Barcelona,41.38329958,2.183370319,PHP,10
Boston,42.32996014,-71.07001367,HTML,10
Nagoya,35.15499758,136.9149914,Go,10
Dublin,32.53745709,-82.91828272,Python,10
San Jose,13.93972958,-90.82003203,JavaScript,10
Hyderabad,17.39998313,78.47995357,Ruby,10
London,42.9699986,-81.24998661,Perl,10
Manchester,53.50041526,-2.247987103,Puppet,10
Oslo,59.91669029,10.74997921,Java,10
Beijing,39.92889223,116.3882857,Go,10
Bristol,51.44999778,-2.583315472,Ruby,10
London,42.9699986,-81.24998661,C,10
Sacramento,38.57502138,-121.4700381,C,10
Bristol,36.61152366,-82.17600244,Ruby,10
Halifax,44.65002525,-63.60000452,JavaScript,9
Portland,43.67216158,-70.2455274,CSS,9
Oslo,59.91669029,10.74997921,Shell,9
Manchester,42.99599184,-71.45528731,JavaScript,9
Bangalore,12.96999514,77.56000972,Python,9
Pittsburgh,40.4299986,-79.99998539,Python,9
Vancouver,45.63030133,-122.6399925,C++,9
New Haven,41.33038291,-72.90000533,JavaScript,9
Helsinki,60.17556337,24.93412634,TypeScript,9
Sofia,42.68334943,23.31665401,TypeScript,9
Irvine,33.68041058,-117.8299502,JavaScript,9
Manchester,53.50041526,-2.247987103,JavaScript,9
Helsinki,60.17556337,24.93412634,Java,9
Cambridge,52.20039125,0.116623086,PHP,9
Coventry,52.42040367,-1.499996583,Swift,9
Auckland,-36.850013,174.7649808,JavaScript,9
Kiev,50.43336733,30.51662797,JavaScript,9
Cambridge,52.20039125,0.116623086,C,9
Vancouver,49.27341658,-123.1216442,C++,9
Amsterdam,52.34996869,4.916640176,Python,9
Portland,45.52002382,-122.6799901,CSS,9
Irvine,33.68041058,-117.8299502,PHP,9
London,42.9699986,-81.24998661,C++,9
Vilnius,54.68336631,25.31663529,PHP,9
Bucaramanga,7.1300932,-73.12588302,Python,9
London,37.12888226,-84.08335372,Go,9
Brisbane,-27.45503091,153.0350927,CSS,9
Hong Kong,22.3049809,114.1850093,JavaScript,9
Moscow,55.75216412,37.61552283,Ruby,9
Melbourne,-37.82003131,144.9750162,Swift,9
Adelaide,-34.93498777,138.6000048,Java,9
London,37.12888226,-84.08335372,C++,9
Oakland,37.76892071,-122.2211034,Ruby,9
Portland,-38.33999957,141.5900032,CSS,9
London,42.9699986,-81.24998661,Go,9
Austin,30.26694969,-97.74277836,CSS,9
Melbourne,28.08331036,-80.60832035,Swift,9
London,51.49999473,-0.116721844,C++,9
Salt Lake City,40.7750163,-111.9300519,Elixir,9
Buenos Aires,-34.60250161,-58.39753137,Ruby,9
Buenos Aires,-34.60250161,-58.39753137,JavaScript,9
London,51.49999473,-0.116721844,Go,9
New York,40.74997906,-73.98001693,Java,9
Prague,50.08333701,14.46597978,C,8
Providence,41.82110231,-71.4149797,JavaScript,8
San Diego,32.82002382,-117.1799899,C++,8
Ålesund,62.54541872,6.388023233,JavaScript,8
Cluj-Napoca,46.78842185,23.5984456,Python,8
Tulsa,36.12000327,-95.93002079,Ruby,8
Sacramento,38.57502138,-121.4700381,Ruby,8
Bologna,44.50042198,11.34002071,Java,8
Tallinn,59.43387738,24.72804073,Ruby,8
Tulsa,36.12000327,-95.93002079,Objective-C,8
Minneapolis,44.97997927,-93.25178634,PHP,8
Riga,56.95002382,24.09996537,JavaScript,8
Brisbane,-27.45503091,153.0350927,JavaScript,8
Portland,-38.33999957,141.5900032,C,8
Goiania,-16.72002724,-49.30002466,Java,8
Oslo,59.91669029,10.74997921,Python,8
Manchester,42.99599184,-71.45528731,Ruby,8
Manchester,42.99599184,-71.45528731,CSS,8
San Francisco,-31.43003375,-62.08996749,Scala,8
Columbia,34.0399752,-80.89998214,PHP,8
Columbia,38.95207847,-92.33390955,PHP,8
Melbourne,-37.82003131,144.9750162,C++,8
Dublin,32.53745709,-82.91828272,C,8
Shanghai,31.21645245,121.4365047,JavaScript,8
Portland,-38.33999957,141.5900032,Java,8
Brighton,50.83034568,-0.169974407,Python,8
Caracas,10.50099855,-66.91703719,Ruby,8
Ottawa,45.4166968,-75.7000153,Objective-C,8
Dublin,53.33306114,-6.248905682,C,8
Beijing,39.92889223,116.3882857,HTML,8
Louisville,38.22501691,-85.74870427,JavaScript,8
Stuttgart,48.77997988,9.199996296,Shell,8
Seattle,47.57000205,-122.339985,C,8
Buenos Aires,-34.60250161,-58.39753137,Python,8
Melbourne,28.08331036,-80.60832035,C++,8
Portland,43.67216158,-70.2455274,Java,8
Berlin,52.52181866,13.40154862,HTML,8
Berlin,52.52181866,13.40154862,Shell,8
Burlington,40.80793418,-91.11276961,Objective-C,8
Denver,39.73918805,-104.984016,Objective-C,8
Westport,-41.77443223,171.5666665,Ruby,8
Burlington,44.47579816,-73.21246688,Objective-C,8
Manchester,53.50041526,-2.247987103,Ruby,8
Columbia,35.61499534,-87.03526656,PHP,8
Manchester,53.50041526,-2.247987103,CSS,8
Belo Horizonte,-19.91502602,-43.91500452,Go,8
Portland,43.67216158,-70.2455274,C,8
Portland,45.52002382,-122.6799901,Java,8
San Francisco,37.74000775,-122.4599777,Scala,8
Chennai,13.08998781,80.27999874,Python,8
New York,40.74997906,-73.98001693,C#,8
Belgrade,44.81864545,20.46799068,JavaScript,8
Portland,45.52002382,-122.6799901,C,8
Toulouse,43.61995892,1.449926716,Python,8
Austin,30.26694969,-97.74277836,Java,8
Seattle,47.57000205,-122.339985,Shell,7
Chicago,41.82999066,-87.75005497,HTML,7
Ontario,44.02662661,-116.9618895,Python,7
Oslo,59.91669029,10.74997921,HTML,7
Melbourne,-37.82003131,144.9750162,Python,7
Chennai,13.08998781,80.27999874,JavaScript,7
Chicago,41.82999066,-87.75005497,Java,7
Chennai,13.08998781,80.27999874,PHP,7
Hyderabad,25.379987,68.37498897,JavaScript,7
Fort Wayne,41.08039817,-85.12998234,C++,7
Manchester,53.50041526,-2.247987103,Python,7
Manchester,53.50041526,-2.247987103,HTML,7
Sacramento,38.57502138,-121.4700381,Shell,7
Cleveland,41.4699868,-81.69499821,C#,7
Hyderabad,17.39998313,78.47995357,JavaScript,7
Chelyabinsk,55.15499127,61.43866817,Swift,7
Mexico City,19.44244244,-99.1309882,Objective-C,7
Manchester,42.99599184,-71.45528731,Python,7
Los Angeles,33.98997825,-118.1799805,JavaScript,7
Montréal,45.49999921,-73.58329696,Ruby,7
Munich,48.12994204,11.57499345,Python,7
Pisa,43.72046958,10.40002641,C++,7
Southampton,50.90003135,-1.399976849,JavaScript,7
Birmingham,52.47497398,-1.919996787,PHP,7
Los Angeles,-37.46000161,-72.35998661,JavaScript,7
Los Angeles,-37.46000161,-72.35998661,Java,7
Melbourne,28.08331036,-80.60832035,Python,7
Berlin,52.52181866,13.40154862,CSS,7
Stavanger,58.97000389,5.680004434,Nimrod,7
Berlin,52.52181866,13.40154862,Clojure,7
Berlin,52.52181866,13.40154862,VimL,7
Stavanger,58.97000389,5.680004434,Python,7
New York,40.74997906,-73.98001693,XQuery,7
Milan,45.4699752,9.20500891,JavaScript,7
Tokyo,35.68501691,139.7514074,C,7
New York,40.74997906,-73.98001693,HTML,7
Milan,45.4699752,9.20500891,Lua,7
Los Angeles,33.98997825,-118.1799805,Java,7
Sydney,-33.92001097,151.1851798,Go,7
Paris,48.86669293,2.333335326,Python,7
Manchester,42.99599184,-71.45528731,HTML,7
Sydney,46.06611452,-60.17998071,Go,7
San Francisco,-31.43003375,-62.08996749,C#,7
Madrid,40.40002626,-3.683351686,Shell,7
Madrid,40.40002626,-3.683351686,Python,7
Providence,41.82110231,-71.4149797,CSS,7
Minneapolis,44.97997927,-93.25178634,Shell,7
Minneapolis,44.97997927,-93.25178634,Java,7
Nagano,36.64999676,138.1700052,JavaScript,7
Birmingham,33.53000633,-86.82499516,PHP,7
Paris,48.86669293,2.333335326,Shell,7
Cambridge,52.20039125,0.116623086,CSS,7
San Francisco,37.74000775,-122.4599777,C#,7
Mexico City,19.44244244,-99.1309882,Ruby,7
Ann Arbor,42.30037539,-83.71999089,C,7
Sofia,42.68334943,23.31665401,Python,7
Sofia,42.68334943,23.31665401,Shell,7
Moscow,55.75216412,37.61552283,Java,6
Houston,29.81997438,-95.33997929,Python,6
Dublin,32.53745709,-82.91828272,Perl,6
Houston,29.81997438,-95.33997929,JavaScript,6
Dhaka,23.72305971,90.40857947,Java,6
Dublin,53.33306114,-6.248905682,Perl,6
Halifax,44.65002525,-63.60000452,Go,6
Wroclaw,51.11043194,17.03000932,C++,6
Durham,35.99995892,-78.91999964,Shell,6
San Jose,37.29998293,-121.8499891,Python,6
Nagoya,35.15499758,136.9149914,JavaScript,6
Munich,48.12994204,11.57499345,C,6
Montréal,45.49999921,-73.58329696,JavaScript,6
Missoula,46.87224103,-113.9930526,Jupyter Notebook,6
Granada,37.16497825,-3.585011435,Java,6
Dallas,32.82002382,-96.84001693,C,6
Coventry,52.42040367,-1.499996583,JavaScript,6
Granada,11.93372764,-85.94998397,Java,6
Helsinki,60.17556337,24.93412634,Ruby,6
San Jose,13.93972958,-90.82003203,Python,6
Melbourne,-37.82003131,144.9750162,CSS,6
San Jose,9.93501243,-84.08405135,Python,6
Beijing,39.92889223,116.3882857,CSS,6
Portland,-38.33999957,141.5900032,PHP,6
Berkeley,37.87390139,-122.271152,Perl,6
London,42.9699986,-81.24998661,C#,6
Annecy,45.89997479,6.116670287,Python,6
Annecy,45.89997479,6.116670287,C,6
Toronto,43.69997988,-79.42002079,HTML,6
Los Angeles,33.98997825,-118.1799805,Ruby,6
Stuttgart,48.77997988,9.199996296,Python,6
Annapolis,38.9783301,-76.49249923,Ruby,6
Toronto,43.69997988,-79.42002079,Java,6
London,37.12888226,-84.08335372,C#,6
Budapest,47.50000633,19.08332068,Go,6
Wellington,-41.29997394,174.7832743,Python,6
Milwaukee,43.05265505,-87.91996708,JavaScript,6
Southampton,50.90003135,-1.399976849,Java,6
Southampton,50.90003135,-1.399976849,C,6
Melbourne,-37.82003131,144.9750162,C,6
Portland,43.67216158,-70.2455274,Emacs Lisp,6
Portland,43.67216158,-70.2455274,PHP,6
Portland,-38.33999957,141.5900032,Emacs Lisp,6
Boston,42.32996014,-71.07001367,Shell,6
Athens,33.96129783,-83.3780221,HTML,6
London,51.49999473,-0.116721844,C#,6
Tokyo,35.68501691,139.7514074,Erlang,6
Melbourne,28.08331036,-80.60832035,C,6
Atlanta,33.83001385,-84.39994938,CSS,6
Berlin,52.52181866,13.40154862,Scala,6
Melbourne,28.08331036,-80.60832035,CSS,6
New York,40.74997906,-73.98001693,Shell,6
Tokyo,35.68501691,139.7514074,C#,6
Tokyo,35.68501691,139.7514074,Objective-C,6
Tampa,27.94698793,-82.45862085,JavaScript,6
Szczecin,53.42039431,14.53000688,Java,6
Tokyo,35.68501691,139.7514074,Shell,6
Tampa,27.94698793,-82.45862085,CSS,6
Tampa,27.94698793,-82.45862085,C++,6
Athens,37.98332623,23.73332108,HTML,6
Boise,43.60859011,-116.2274899,JavaScript,6
Taipei,25.03583333,121.5683333,JavaScript,6
Taipei,25.03583333,121.5683333,C++,6
Los Angeles,-37.46000161,-72.35998661,Ruby,6
Beijing,39.92889223,116.3882857,Ruby,6
Toronto,43.69997988,-79.42002079,Ruby,6
Ann Arbor,42.30037539,-83.71999089,Ruby,6
Roma,-26.55937498,148.7907006,Lua,6
Kampala,0.316658955,32.58332353,JavaScript,6
Kampala,0.316658955,32.58332353,Java,6
Anchorage,61.21996991,-149.9002149,Ruby,6
Rosario,-32.95112954,-60.66630762,JavaScript,6
Novi Sad,45.2503762,19.84994055,JavaScript,6
Austin,30.26694969,-97.74277836,C#,6
Catania,37.49997072,15.07999914,C++,6
Rosario,-24.41960895,-57.10001367,JavaScript,6
Rosario,-2.940041485,-44.26002222,JavaScript,6
Charlotte,35.20499453,-80.83003809,JavaScript,6
Charlotte,35.20499453,-80.83003809,Shell,6
Iqaluit,63.75045938,-68.50019175,PHP,6
Seattle,47.57000205,-122.339985,TeX,6
Chicago,41.82999066,-87.75005497,CoffeeScript,6
Sacramento,38.57502138,-121.4700381,R,6
Indianapolis,39.74998842,-86.17004806,JavaScript,6
Nashville,36.16997438,-86.77998499,PHP,6
Scottsdale,33.69234784,-111.8680402,JavaScript,6
Salt Lake City,40.7750163,-111.9300519,CSS,6
Salt Lake City,40.7750163,-111.9300519,Objective-C,6
Scottsdale,-41.14949217,147.5166699,JavaScript,6
Caracas,10.50099855,-66.91703719,Java,6
Tokyo,35.68501691,139.7514074,Java,6
Vancouver,45.63030133,-122.6399925,C#,6
Ann Arbor,42.30037539,-83.71999089,CSS,6
Vienna,48.20001528,16.36663896,JavaScript,6
Vienna,48.20001528,16.36663896,C,6
Portland,45.52002382,-122.6799901,Emacs Lisp,6
Sofia,42.68334943,23.31665401,Elixir,6
Kuala Lumpur,3.166665872,101.6999833,HTML,6
Minneapolis,44.97997927,-93.25178634,CSS,6
Manchester,42.99599184,-71.45528731,Go,6
Oslo,59.91669029,10.74997921,Emacs Lisp,6
Vancouver,49.27341658,-123.1216442,C#,6
Manchester,53.50041526,-2.247987103,Go,6
Rio de Janeiro,-22.92502317,-43.22502079,Ruby,6
Portland,45.52002382,-122.6799901,PHP,6
New York,40.74997906,-73.98001693,Swift,5
Grand Rapids,42.96371991,-85.66994938,JavaScript,5
Philadelphia,39.99997316,-75.16999597,C++,5
Paris,48.86669293,2.333335326,CoffeeScript,5
Nova Friburgo,-22.25999917,-42.54004968,PHP,5
San Francisco,37.74000775,-122.4599777,Emacs Lisp,5
Los Angeles,-37.46000161,-72.35998661,CSS,5
Philadelphia,39.99997316,-75.16999597,CSS,5
Los Angeles,33.98997825,-118.1799805,CSS,5
Philadelphia,39.99997316,-75.16999597,Python,5
Pisa,43.72046958,10.40002641,C,5
Medellin,6.275003274,-75.57501001,C++,5
San Antonio,-33.59951373,-71.60998071,Shell,5
London,51.49999473,-0.116721844,Arduino,5
Lexington,38.05001467,-84.50002079,Java,5
Minneapolis,44.97997927,-93.25178634,Python,5
Jakarta,-6.174417705,106.8294376,Shell,5
Rio de Janeiro,-22.92502317,-43.22502079,Python,5
Recife,-8.075645326,-34.91560551,JavaScript,5
Provo,40.24889854,-111.63777,Java,5
Prague,50.08333701,14.46597978,Shell,5
San Diego,32.82002382,-117.1799899,Objective-C,5
Hamburg,53.55002464,9.999999144,CSS,5
Lagos,6.443261653,3.391531071,JavaScript,5
Hamburg,53.55002464,9.999999144,C++,5
Portland,45.52002382,-122.6799901,HTML,5
Portland,45.52002382,-122.6799901,CoffeeScript,5
Portland,45.52002382,-122.6799901,C++,5
Portland,43.67216158,-70.2455274,HTML,5
Moscow,55.75216412,37.61552283,Shell,5
Portland,43.67216158,-70.2455274,CoffeeScript,5
Portland,43.67216158,-70.2455274,C++,5
Halifax,44.65002525,-63.60000452,Python,5
London,37.12888226,-84.08335372,Arduino,5
New Haven,41.33038291,-72.90000533,Shell,5
New Orleans,29.99500246,-90.03996688,PHP,5
San Jose,9.93501243,-84.08405135,Java,5
San Antonio,29.48733319,-98.50730534,Shell,5
London,42.9699986,-81.24998661,Arduino,5
Portland,-38.33999957,141.5900032,HTML,5
Portland,-38.33999957,141.5900032,CoffeeScript,5
Portland,-38.33999957,141.5900032,C++,5
San Francisco,-31.43003375,-62.08996749,Emacs Lisp,5
Mexico City,19.44244244,-99.1309882,Java,5
Accra,5.550034606,-0.21671574,Erlang,5
Columbia,35.61499534,-87.03526656,Go,5
Budapest,47.50000633,19.08332068,Ruby,5
Bangalore,12.96999514,77.56000972,PHP,5
Bangalore,12.96999514,77.56000972,Java,5
Columbia,34.0399752,-80.89998214,Go,5
Taipei,25.03583333,121.5683333,Python,5
Szeged,46.25039268,20.15002559,C++,5
Columbia,38.95207847,-92.33390955,Go,5
Vienna,48.20001528,16.36663896,Shell,5
Sydney,46.06611452,-60.17998071,Objective-C,5
Vilnius,54.68336631,25.31663529,Lua,5
Vilnius,54.68336631,25.31663529,Ruby,5
Southampton,50.90003135,-1.399976849,Objective-C,5
Denver,39.73918805,-104.984016,C,5
Spokane,47.66999595,-117.4199494,JavaScript,5
Vitória,-20.32399331,-40.36599634,Python,5
Sydney,-33.92001097,151.1851798,Objective-C,5
Vancouver,49.27341658,-123.1216442,Python,5
Vancouver,49.27341658,-123.1216442,C,5
Chicago,41.82999066,-87.75005497,Go,5
Carlsbad,32.420565,-104.2282998,JavaScript,5
Tokyo,35.68501691,139.7514074,Haskell,5
Berkeley,37.87390139,-122.271152,Web Ontology Language,5
Berkeley,37.87390139,-122.271152,Prolog,5
Cape Town,-33.92001097,18.43498816,CSS,5
Cambridge,52.20039125,0.116623086,R,5
Beijing,39.92889223,116.3882857,Shell,5
Sofia,42.68334943,23.31665401,Ruby,5
Seattle,47.57000205,-122.339985,C#,5
Beijing,39.92889223,116.3882857,Objective-C,5
The Hague,52.08003684,4.269961302,Python,5
Vancouver,45.63030133,-122.6399925,C,5
Vancouver,45.63030133,-122.6399925,Python,5
Tampere,61.5000045,23.75001257,JavaScript,5
Seattle,47.57000205,-122.339985,Objective-C,5
San Jose,37.29998293,-121.8499891,Java,5
Berlin,52.52181866,13.40154862,CoffeeScript,5
Budapest,47.50000633,19.08332068,Python,5
Amsterdam,52.34996869,4.916640176,PHP,5
Stockholm,59.35075995,18.09733473,C#,5
Stockholm,59.35075995,18.09733473,PHP,5
Akron,41.07039878,-81.51999597,PowerShell,5
San Jose,13.93972958,-90.82003203,Java,5
Seoul,37.5663491,126.999731,JavaScript,4
Chennai,13.08998781,80.27999874,Java,4
Barcelona,10.13037518,-64.72001367,C#,4
Frauenfeld,47.56799717,9.108000502,JavaScript,4
Seattle,47.57000205,-122.339985,HTML,4
Seattle,47.57000205,-122.339985,Jupyter Notebook,4
Bristol,51.44999778,-2.583315472,JavaScript,4
Vancouver,45.63030133,-122.6399925,Jupyter Notebook,4
Brussels,50.83331708,4.333316608,C,4
Manchester,42.99599184,-71.45528731,Haxe,4
Istanbul,41.10499615,29.01000159,Python,4
Fortaleza,-3.750017884,-38.57998132,PHP,4
Barcelona,41.38329958,2.183370319,C#,4
Sofia,42.68334943,23.31665401,C#,4
Burlington,44.47579816,-73.21246688,Ruby,4
Brussels,50.83331708,4.333316608,JavaScript,4
Tulsa,36.12000327,-95.93002079,JavaScript,4
The Hague,52.08003684,4.269961302,JavaScript,4
Montpellier,43.61039878,3.869985716,JavaScript,4
Nashville,36.16997438,-86.77998499,Perl,4
Jakarta,-6.174417705,106.8294376,HTML,4
Munich,48.12994204,11.57499345,CSS,4
Omaha,41.24000083,-96.00999007,Objective-C,4
Omaha,41.24000083,-96.00999007,Ruby,4
Granada,37.16497825,-3.585011435,HTML,4
Ontario,44.02662661,-116.9618895,C++,4
Ontario,44.02662661,-116.9618895,Java,4
Cleveland,41.4699868,-81.69499821,JavaScript,4
Scottsdale,33.69234784,-111.8680402,PHP,4
Manchester,53.50041526,-2.247987103,Haxe,4
Munich,48.12994204,11.57499345,Objective-C,4
Chicago,41.82999066,-87.75005497,Perl,4
Chicago,41.82999066,-87.75005497,Emacs Lisp,4
Munich,48.12994204,11.57499345,HTML,4
Sale,-38.10957436,147.0600052,CSS,4
Vancouver,49.27341658,-123.1216442,Jupyter Notebook,4
Fukuoka,33.59501528,130.4100138,Ruby,4
Fukuoka,33.59501528,130.4100138,CoffeeScript,4
Bangkok,13.74999921,100.5166447,JavaScript,4
Chicago,41.82999066,-87.75005497,Elixir,4
Sacramento,38.57502138,-121.4700381,Python,4
Yogyakarta,-7.77995278,110.3750093,PHP,4
Carlsbad,32.420565,-104.2282998,CoffeeScript,4
Jakarta,-6.174417705,106.8294376,Java,4
Tokyo,35.68501691,139.7514074,CSS,4
Las Vegas,35.59701194,-105.2225027,JavaScript,4
Philadelphia,39.99997316,-75.16999597,PHP,4
Philadelphia,39.99997316,-75.16999597,Shell,4
Philadelphia,39.99997316,-75.16999597,VimL,4
Las Vegas,35.59701194,-105.2225027,CSS,4
Kigali,-1.953590069,30.06053178,Python,4
Cape Town,-33.92001097,18.43498816,Ruby,4
Florida,-34.09900201,-56.21499845,JavaScript,4
Singapore,1.293033466,103.8558207,Java,4
Ålesund,62.54541872,6.388023233,Python,4
Singapore,1.293033466,103.8558207,Python,4
Pittsburgh,40.4299986,-79.99998539,C++,4
Campina Grande,-7.230012188,-35.88001693,Shell,4
Singapore,1.293033466,103.8558207,R,4
Los Angeles,-37.46000161,-72.35998661,Go,4
Moscow,55.75216412,37.61552283,CSS,4
Kuala Lumpur,3.166665872,101.6999833,Python,4
Berkeley,37.87390139,-122.271152,Python,4
Belo Horizonte,-19.91502602,-43.91500452,VimL,4
Belo Horizonte,-19.91502602,-43.91500452,PHP,4
Los Angeles,33.98997825,-118.1799805,Go,4
Belo Horizonte,-19.91502602,-43.91500452,HTML,4
Baltimore,39.29999005,-76.61998499,Ruby,4
Shanghai,31.21645245,121.4365047,Go,4
Calgary,51.08299176,-114.0799982,JavaScript,4
Roma,-26.55937498,148.7907006,PHP,4
Caracas,10.50099855,-66.91703719,Python,4
Caracas,10.50099855,-66.91703719,C++,4
Paris,48.86669293,2.333335326,C,4
Paris,48.86669293,2.333335326,HTML,4
Roma,-26.55937498,148.7907006,Java,4
Roma,-26.55937498,148.7907006,C,4
Rio de Janeiro,-22.92502317,-43.22502079,JavaScript,4
London,51.49999473,-0.116721844,Groovy,4
Cambridge,52.20039125,0.116623086,Objective-C,4
Las Vegas,36.20999778,-115.2200061,JavaScript,4
Riga,56.95002382,24.09996537,PHP,4
Las Vegas,36.20999778,-115.2200061,CSS,4
Toronto,43.69997988,-79.42002079,Shell,4
Medellin,6.275003274,-75.57501001,Clojure,4
Scottsdale,-41.14949217,147.5166699,PHP,4
Huntsville,34.71995953,-86.60999536,Java,4
Detroit,42.32996014,-83.08005579,Ruby,4
San Francisco,-31.43003375,-62.08996749,Go,4
Athens,33.96129783,-83.3780221,Shell,4
London,42.9699986,-81.24998661,Groovy,4
San Marcos,14.96600106,-91.79999952,JavaScript,4
San Marcos,29.88307131,-97.94111251,JavaScript,4
San Rafael,-34.60002114,-68.33333317,C,4
San Rafael,-16.77950682,-60.6799502,C,4
Santa Rosa,-36.6200012,-64.29998763,Ruby,4
Athens,37.98332623,23.73332108,CSS,4
Athens,37.98332623,23.73332108,Shell,4
Santa Rosa,38.45040367,-122.6999889,Ruby,4
Santa Rosa,-27.86952757,-54.4599681,Ruby,4
Vilnius,54.68336631,25.31663529,JavaScript,4
Denver,39.73918805,-104.984016,Ruby,4
Denver,39.73918805,-104.984016,CSS,4
London,37.12888226,-84.08335372,Groovy,4
Evanston,42.04834943,-87.69995467,C++,4
Melbourne,28.08331036,-80.60832035,Java,4
Vilnius,54.68336631,25.31663529,Java,4
Atlanta,33.83001385,-84.39994938,PHP,4
San Francisco,-31.43003375,-62.08996749,Rust,4
Athens,33.96129783,-83.3780221,CSS,4
Nagoya,35.15499758,136.9149914,CoffeeScript,4
Vitória,-20.32399331,-40.36599634,HTML,4
Nashville,36.16997438,-86.77998499,Shell,4
Nashville,36.16997438,-86.77998499,Go,4
Budapest,47.50000633,19.08332068,C++,4
Edinburgh,55.94832786,-3.219090618,Python,4
Budapest,47.50000633,19.08332068,Rust,4
Stuttgart,48.77997988,9.199996296,C,4
Brisbane,-27.45503091,153.0350927,TypeScript,4
Durham,35.99995892,-78.91999964,PHP,4
San Jose,13.93972958,-90.82003203,Go,4
San Jose,37.29998293,-121.8499891,Go,4
Brisbane,-27.45503091,153.0350927,PowerShell,4
Wellington,-41.29997394,174.7832743,HTML,4
Milan,45.4699752,9.20500891,Shell,4
Milan,45.4699752,9.20500891,Objective-C,4
Milan,45.4699752,9.20500891,Erlang,4
Annapolis,38.9783301,-76.49249923,Java,4
Buenos Aires,-34.60250161,-58.39753137,Shell,4
Vitória,-20.32399331,-40.36599634,Java,4
Annecy,45.89997479,6.116670287,Objective-C,4
Atlanta,33.83001385,-84.39994938,Perl,4
Granada,11.93372764,-85.94998397,HTML,4
Amsterdam,52.34996869,4.916640176,C++,4
Lisbon,38.72272288,-9.144866305,PHP,4
Stavanger,58.97000389,5.680004434,JavaScript,4
Hamburg,53.55002464,9.999999144,Python,4
Hobart,-42.85000853,147.2950297,Objective-C,4
Hobart,-42.85000853,147.2950297,Ruby,4
Hobart,-42.85000853,147.2950297,Shell,4
Melbourne,-37.82003131,144.9750162,Java,4
Austin,30.26694969,-97.74277836,C,4
Santiago,8.100369892,-80.98333622,Python,4
Austin,30.26694969,-97.74277836,Objective-C,4
Pittsburgh,40.4299986,-79.99998539,Shell,4
Burlington,40.80793418,-91.11276961,Ruby,4
San Jose,9.93501243,-84.08405135,Go,4
Novi Sad,45.2503762,19.84994055,Java,4
Bristol,36.61152366,-82.17600244,JavaScript,4
Santiago,19.50000999,-70.67001225,Python,4
Huntsville,30.72376935,-95.55058659,Java,4
Taipei,25.03583333,121.5683333,C,4
Santiago,-14.18958738,-75.73996118,Python,4
Buraydah,26.36638674,43.96283565,Swift,4
Stavanger,58.97000389,5.680004434,R,4
San Francisco,37.74000775,-122.4599777,Go,4
Vienna,48.20001528,16.36663896,BitBake,4
Lisbon,38.72272288,-9.144866305,Python,4
Auckland,-36.850013,174.7649808,PHP,4
Brasilia,-15.78334023,-47.91605229,Puppet,4
San Francisco,37.74000775,-122.4599777,Rust,4
New York,40.74997906,-73.98001693,C++,4
Buffalo,42.87997825,-78.88000208,JavaScript,4
San Diego,32.82002382,-117.1799899,CoffeeScript,4
Concord,43.20807192,-71.53804712,CSS,4
Hamburg,53.55002464,9.999999144,TypeScript,4
Santiago,-33.45001382,-70.66704085,Python,4
Szczecin,53.42039431,14.53000688,JavaScript,4
Tashkent,41.31170188,69.29493282,JavaScript,3
Pittsburgh,40.4299986,-79.99998539,CSS,3
Brasilia,-15.78334023,-47.91605229,Ruby,3
Taipei,25.03583333,121.5683333,Lua,3
Strasbourg,48.57996625,7.750007282,PHP,3
Taipei,25.03583333,121.5683333,HTML,3
Szeged,46.25039268,20.15002559,QML,3
Strasbourg,48.57996625,7.750007282,JavaScript,3
Tallinn,59.43387738,24.72804073,Shell,3
London,42.9699986,-81.24998661,Objective-C,3
Pittsburgh,40.4299986,-79.99998539,Ruby,3
Berlin,52.52181866,13.40154862,C,3
Berlin,52.52181866,13.40154862,Emacs Lisp,3
The Hague,52.08003684,4.269961302,Java,3
Sydney,-33.92001097,151.1851798,C,3
Sydney,46.06611452,-60.17998071,C,3
The Hague,52.08003684,4.269961302,PHP,3
London,42.9699986,-81.24998661,Rust,3
Tampa,27.94698793,-82.45862085,Shell,3
London,51.49999473,-0.116721844,Rust,3
Tampa,27.94698793,-82.45862085,Go,3
Tampa,27.94698793,-82.45862085,HTML,3
Tampa,27.94698793,-82.45862085,Java,3
London,51.49999473,-0.116721844,Objective-C,3
Berlin,52.52181866,13.40154862,F#,3
Vancouver,45.63030133,-122.6399925,Rust,3
Los Angeles,-37.46000161,-72.35998661,Python,3
Tokyo,35.68501691,139.7514074,Emacs Lisp,3
Ann Arbor,42.30037539,-83.71999089,Rust,3
New Orleans,29.99500246,-90.03996688,JavaScript,3
Mexico City,19.44244244,-99.1309882,PHP,3
Armenia,4.534282653,-75.68112757,Swift,3
Virginia,47.52367413,-92.53640365,Ruby,3
Virginia,47.52367413,-92.53640365,Objective-C,3
Virginia,47.52367413,-92.53640365,JavaScript,3
Melbourne,28.08331036,-80.60832035,Shell,3
Vienna,48.20001528,16.36663896,Ruby,3
Vienna,48.20001528,16.36663896,Java,3
Vienna,48.20001528,16.36663896,C++,3
Auckland,-36.850013,174.7649808,CSS,3
New York,40.74997906,-73.98001693,C,3
Auckland,-36.850013,174.7649808,Java,3
Auckland,-36.850013,174.7649808,Python,3
Ann Arbor,42.30037539,-83.71999089,HTML,3
Ann Arbor,42.30037539,-83.71999089,Go,3
Ann Arbor,42.30037539,-83.71999089,C++,3
Xiamen,24.44999208,118.080017,Java,3
Moscow,55.75216412,37.61552283,VimL,3
Moscow,55.75216412,37.61552283,C++,3
Akron,41.07039878,-81.51999597,C#,3
Akron,41.07039878,-81.51999597,Python,3
Montréal,45.49999921,-73.58329696,Python,3
Xiamen,24.44999208,118.080017,JavaScript,3
Munich,48.12994204,11.57499345,Go,3
Wellington,-41.29997394,174.7832743,Shell,3
Munich,48.12994204,11.57499345,PHP,3
Xiamen,24.44999208,118.080017,C,3
Xiamen,24.44999208,118.080017,ActionScript,3
Amsterdam,52.34996869,4.916640176,Java,3
Minneapolis,44.97997927,-93.25178634,Groovy,3
Minneapolis,44.97997927,-93.25178634,C,3
Nottingham,52.97034426,-1.170016725,JavaScript,3
Melbourne,-37.82003131,144.9750162,Shell,3
Austin,30.26694969,-97.74277836,Haxe,3
Toronto,43.69997988,-79.42002079,Groovy,3
Louisville,38.22501691,-85.74870427,Shell,3
Paris,48.86669293,2.333335326,ActionScript,3
Paris,48.86669293,2.333335326,CSS,3
Paris,48.86669293,2.333335326,Ruby,3
Toronto,43.69997988,-79.42002079,Puppet,3
Toronto,43.69997988,-79.42002079,Lua,3
Los Angeles,33.98997825,-118.1799805,Python,3
Luzern,47.05042137,8.280000772,Ruby,3
Belo Horizonte,-19.91502602,-43.91500452,C,3
Belo Horizonte,-19.91502602,-43.91500452,JavaScript,3
Philadelphia,39.99997316,-75.16999597,C,3
Philadelphia,39.99997316,-75.16999597,Clojure,3
Philadelphia,39.99997316,-75.16999597,HTML,3
Phoenix,33.53997988,-112.0699917,JavaScript,3
Beijing,39.92889223,116.3882857,C++,3
Madison,43.07301556,-89.40111699,JavaScript,3
Austin,30.26694969,-97.74277836,PowerShell,3
Vancouver,45.63030133,-122.6399925,Swift,3
Vancouver,49.27341658,-123.1216442,Swift,3
Novi Sad,45.2503762,19.84994055,C#,3
Vancouver,49.27341658,-123.1216442,Shell,3
Baltimore,39.29999005,-76.61998499,C#,3
Vancouver,49.27341658,-123.1216442,Rust,3
Vancouver,49.27341658,-123.1216442,Objective-C,3
Vancouver,45.63030133,-122.6399925,Shell,3
Barcelona,41.38329958,2.183370319,Shell,3
Portland,-38.33999957,141.5900032,Scala,3
Barcelona,10.13037518,-64.72001367,Scala,3
Barcelona,10.13037518,-64.72001367,Shell,3
Vancouver,45.63030133,-122.6399925,Objective-C,3
Madrid,40.40002626,-3.683351686,CSS,3
Barcelona,41.38329958,2.183370319,Scala,3
Portland,-38.33999957,141.5900032,OCaml,3
San Jose,9.93501243,-84.08405135,VHDL,3
Durham,35.99995892,-78.91999964,CSS,3
Kuala Lumpur,3.166665872,101.6999833,Shell,3
Chelyabinsk,55.15499127,61.43866817,C,3
Seoul,37.5663491,126.999731,Java,3
Catania,37.49997072,15.07999914,Perl,3
Catania,37.49997072,15.07999914,OCaml,3
Catania,37.49997072,15.07999914,JavaScript,3
Seville,37.40501528,-5.980007366,Java,3
Seville,37.40501528,-5.980007366,JavaScript,3
San Jose,37.29998293,-121.8499891,VHDL,3
Kampala,0.316658955,32.58332353,Python,3
Kampala,0.316658955,32.58332353,Ruby,3
Shanghai,31.21645245,121.4365047,CSS,3
Katowice,50.26038047,19.02001705,Objective-C,3
Kiev,50.43336733,30.51662797,C,3
San Jose,13.93972958,-90.82003203,VHDL,3
Cape Town,-33.92001097,18.43498816,Shell,3
Cape Town,-33.92001097,18.43498816,Emacs Lisp,3
Edmonton,53.55002464,-113.4999819,JavaScript,3
Cape Town,-33.92001097,18.43498816,C#,3
Cape Town,-33.92001097,18.43498816,C,3
Kigali,-1.953590069,30.06053178,C#,3
Evanston,42.04834943,-87.69995467,Ruby,3
Prague,50.08333701,14.46597978,VimL,3
San Francisco,37.74000775,-122.4599777,R,3
Prague,50.08333701,14.46597978,Objective-C,3
Campina Grande,-7.230012188,-35.88001693,Python,3
Singapore,1.293033466,103.8558207,C++,3
Singapore,1.293033466,103.8558207,CSS,3
Chelyabinsk,55.15499127,61.43866817,Objective-C,3
Seattle,47.57000205,-122.339985,CSS,3
Iqaluit,63.75045938,-68.50019175,VimL,3
Salt Lake City,40.7750163,-111.9300519,Shell,3
Helsinki,60.17556337,24.93412634,Dart,3
Coventry,52.42040367,-1.499996583,CSS,3
Coventry,52.42040367,-1.499996583,Objective-C,3
San Diego,32.82002382,-117.1799899,Java,3
Coventry,52.42040367,-1.499996583,Python,3
Hong Kong,22.3049809,114.1850093,HTML,3
Davenport,41.55398684,-90.58753036,ColdFusion,3
Davenport,41.55398684,-90.58753036,PHP,3
Denver,39.73918805,-104.984016,JavaScript,3
Houston,29.81997438,-95.33997929,Objective-C,3
Salt Lake City,40.7750163,-111.9300519,VimL,3
Cluj-Napoca,46.78842185,23.5984456,PHP,3
San Francisco,-31.43003375,-62.08996749,R,3
Iqaluit,63.75045938,-68.50019175,JavaScript,3
Salt Lake City,40.7750163,-111.9300519,Python,3
Cleveland,41.4699868,-81.69499821,HTML,3
San Francisco,-31.43003375,-62.08996749,TeX,3
Chicago,41.82999066,-87.75005497,PHP,3
Sacramento,38.57502138,-121.4700381,Puppet,3
Sacramento,38.57502138,-121.4700381,Prolog,3
Sacramento,38.57502138,-121.4700381,OCaml,3
Sacramento,38.57502138,-121.4700381,Matlab,3
Sacramento,38.57502138,-121.4700381,JavaScript,3
Sacramento,38.57502138,-121.4700381,HTML,3
Sacramento,38.57502138,-121.4700381,Common Lisp,3
Innsbruck,47.28040733,11.4099906,Python,3
Kuala Lumpur,3.166665872,101.6999833,CoffeeScript,3
Kanazawa,36.56000226,136.6400211,Python,3
Porto Alegre,-30.05001463,-51.20001205,C#,3
London,37.12888226,-84.08335372,Objective-C,3
Stavanger,58.97000389,5.680004434,Scala,3
Budapest,47.50000633,19.08332068,Objective-C,3
Fort Wayne,41.08039817,-85.12998234,Python,3
Fort Collins,40.56068829,-105.0588693,Go,3
Spokane,47.66999595,-117.4199494,Python,3
Spokane,47.66999595,-117.4199494,Java,3
Fort Smith,35.38622377,-94.39835718,Ruby,3
Leipzig,51.33540529,12.40998124,JavaScript,3
Fort Smith,60.00001853,-111.8833364,Ruby,3
Southampton,50.90003135,-1.399976849,Shell,3
Southampton,50.90003135,-1.399976849,C++,3
Buffalo,42.87997825,-78.88000208,Clojure,3
Buffalo,42.87997825,-78.88000208,HTML,3
Lexington,38.05001467,-84.50002079,JavaScript,3
Portland,43.67216158,-70.2455274,Scala,3
Portland,43.67216158,-70.2455274,OCaml,3
Burlington,40.80793418,-91.11276961,JavaScript,3
Burlington,40.80793418,-91.11276961,Go,3
Lisbon,38.72272288,-9.144866305,Ruby,3
Burlington,44.47579816,-73.21246688,Go,3
Sofia,42.68334943,23.31665401,Java,3
Portland,45.52002382,-122.6799901,OCaml,3
Singapore,1.293033466,103.8558207,Swift,3
San Francisco,37.74000775,-122.4599777,TeX,3
Singapore,1.293033466,103.8558207,Shell,3
Lagos,6.443261653,3.391531071,Ruby,3
Stockholm,59.35075995,18.09733473,Python,3
Portland,45.52002382,-122.6799901,Scala,3
London,37.12888226,-84.08335372,Rust,3
Lisbon,38.72272288,-9.144866305,Shell,3
Burlington,44.47579816,-73.21246688,JavaScript,3
Calgary,51.08299176,-114.0799982,Python,3
Lausanne,46.53042727,6.650022744,HTML,3
Santa Rosa,-36.6200012,-64.29998763,Shell,2
San Francisco,-31.43003375,-62.08996749,Makefile,2
Ålesund,62.54541872,6.388023233,Perl,2
Ålesund,62.54541872,6.388023233,Ruby,2
San Francisco,-31.43003375,-62.08996749,CoffeeScript,2
San Francisco,-31.43003375,-62.08996749,Elm,2
San Francisco,-31.43003375,-62.08996749,Groovy,2
San Francisco,-31.43003375,-62.08996749,Nginx,2
Santa Rosa,-27.86952757,-54.4599681,C++,2
Vitória,-20.32399331,-40.36599634,JavaScript,2
Santa Rosa,38.45040367,-122.6999889,Java,2
Santa Rosa,38.45040367,-122.6999889,Shell,2
Ålesund,62.54541872,6.388023233,Shell,2
Ålesund,62.54541872,6.388023233,C#,2
San Jose,9.93501243,-84.08405135,HTML,2
San Francisco,-31.43003375,-62.08996749,Arduino,2
Santa Rosa,-36.6200012,-64.29998763,Java,2
San Jose,9.93501243,-84.08405135,C#,2
San Diego,32.82002382,-117.1799899,Perl,2
San Diego,32.82002382,-117.1799899,Go,2
Santa Rosa,-36.6200012,-64.29998763,C++,2
San Jose,37.29998293,-121.8499891,VimL,2
Ålesund,62.54541872,6.388023233,Java,2
Ålesund,62.54541872,6.388023233,Groovy,2
San Jose,37.29998293,-121.8499891,Shell,2
San Jose,37.29998293,-121.8499891,Ruby,2
San Diego,32.82002382,-117.1799899,C#,2
Virginia,47.52367413,-92.53640365,Go,2
Vilnius,54.68336631,25.31663529,Python,2
Virginia,47.52367413,-92.53640365,Java,2
Santa Rosa,-27.86952757,-54.4599681,Java,2
San Jose,9.93501243,-84.08405135,C++,2
Santa Rosa,38.45040367,-122.6999889,C++,2
Santa Rosa,-27.86952757,-54.4599681,Shell,2
Xiamen,24.44999208,118.080017,Objective-C,2
San Francisco,-31.43003375,-62.08996749,Racket,2
San Francisco,37.74000775,-122.4599777,Groovy,2
Wellington,-41.29997394,174.7832743,CSS,2
Wellington,-41.29997394,174.7832743,Objective-C,2
Wellington,-41.29997394,174.7832743,Rust,2
Wellington,-41.29997394,174.7832743,TeX,2
Nice,43.71501772,7.265023965,PHP,2
Wellington,-41.29997394,174.7832743,VimL,2
San Jose,13.93972958,-90.82003203,Makefile,2
San Jose,13.93972958,-90.82003203,HTML,2
San Jose,13.93972958,-90.82003203,C++,2
San Jose,13.93972958,-90.82003203,C#,2
Westport,-41.77443223,171.5666665,JavaScript,2
San Jose,9.93501243,-84.08405135,Makefile,2
Westport,-41.77443223,171.5666665,SQLPL,2
San Francisco,37.74000775,-122.4599777,Elm,2
Nantes,47.21038576,-1.590016929,Java,2
San Jose,9.93501243,-84.08405135,VimL,2
San Francisco,37.74000775,-122.4599777,CoffeeScript,2
San Francisco,37.74000775,-122.4599777,Arduino,2
Munich,48.12994204,11.57499345,TeX,2
Wroclaw,51.11043194,17.03000932,Java,2
Wroclaw,51.11043194,17.03000932,JavaScript,2
Wroclaw,51.11043194,17.03000932,Ruby,2
San Jose,9.93501243,-84.08405135,Ruby,2
San Francisco,37.74000775,-122.4599777,Makefile,2
San Jose,13.93972958,-90.82003203,Ruby,2
San Jose,13.93972958,-90.82003203,Shell,2
Vitória,-20.32399331,-40.36599634,Shell,2
San Jose,9.93501243,-84.08405135,Shell,2
Växjö,56.88369712,14.81670772,Ruby,2
Wales,65.60959861,-168.0875027,CSS,2
San Francisco,-31.43003375,-62.08996749,TypeScript,2
San Jose,37.29998293,-121.8499891,Makefile,2
San Jose,37.29998293,-121.8499891,HTML,2
New Haven,41.33038291,-72.90000533,Emacs Lisp,2
San Francisco,37.74000775,-122.4599777,TypeScript,2
Xiamen,24.44999208,118.080017,Go,2
New Haven,41.33038291,-72.90000533,CSS,2
Wales,65.60959861,-168.0875027,Ruby,2
San Jose,37.29998293,-121.8499891,C++,2
San Jose,37.29998293,-121.8499891,C#,2
New Delhi,28.60002301,77.19998002,Java,2
San Francisco,37.74000775,-122.4599777,Racket,2
Nashville,36.16997438,-86.77998499,R,2
San Francisco,37.74000775,-122.4599777,Nginx,2
Nashville,36.16997438,-86.77998499,CSS,2
Nashville,36.16997438,-86.77998499,AppleScript,2
San Jose,13.93972958,-90.82003203,VimL,2
New York,40.74997906,-73.98001693,Scala,2
Portland,-38.33999957,141.5900032,Go,2
Nice,43.71501772,7.265023965,Ruby,2
Toulouse,43.61995892,1.449926716,Matlab,2
Portland,45.52002382,-122.6799901,Groovy,2
Portland,45.52002382,-122.6799901,Perl,2
Porto Alegre,-30.05001463,-51.20001205,C,2
Shanghai,31.21645245,121.4365047,Shell,2
Pisa,43.72046958,10.40002641,CMake,2
Tokyo,35.68501691,139.7514074,Clojure,2
Philadelphia,39.99997316,-75.16999597,Prolog,2
Prague,50.08333701,14.46597978,CoffeeScript,2
Prague,50.08333701,14.46597978,F#,2
Providence,41.82110231,-71.4149797,Python,2
Tokyo,35.68501691,139.7514074,PHP,2
Tokyo,35.68501691,139.7514074,Rust,2
Provo,40.24889854,-111.63777,Go,2
Shanghai,31.21645245,121.4365047,Python,2
Provo,40.24889854,-111.63777,VimL,2
Shanghai,31.21645245,121.4365047,Java,2
Shanghai,31.21645245,121.4365047,HTML,2
Riga,56.95002382,24.09996537,C++,2
Paris,48.86669293,2.333335326,Elixir,2
Paris,48.86669293,2.333335326,Arduino,2
Shanghai,31.21645245,121.4365047,Emacs Lisp,2
Shanghai,31.21645245,121.4365047,C++,2
Toronto,43.69997988,-79.42002079,C,2
Pittsburgh,40.4299986,-79.99998539,JavaScript,2
Pittsburgh,40.4299986,-79.99998539,Objective-C,2
Portland,45.52002382,-122.6799901,Go,2
Sydney,-33.92001097,151.1851798,Shell,2
Stockholm,59.35075995,18.09733473,HTML,2
Stockholm,59.35075995,18.09733473,VimL,2
Portland,-38.33999957,141.5900032,Perl,2
Stavanger,58.97000389,5.680004434,HTML,2
Stuttgart,48.77997988,9.199996296,CSS,2
Stuttgart,48.77997988,9.199996296,Puppet,2
St. Paul,44.94398663,-93.08497481,Python,2
St. Paul,44.94398663,-93.08497481,C#,2
Sydney,-33.92001097,151.1851798,Python,2
Southampton,50.90003135,-1.399976849,HTML,2
Sofia,42.68334943,23.31665401,VimL,2
Singapore,1.293033466,103.8558207,Perl,2
Sydney,46.06611452,-60.17998071,Python,2
Sydney,46.06611452,-60.17998071,Shell,2
Portland,43.67216158,-70.2455274,Go,2
Taipei,25.03583333,121.5683333,Shell,2
Sofia,42.68334943,23.31665401,Emacs Lisp,2
Portland,43.67216158,-70.2455274,Groovy,2
Portland,43.67216158,-70.2455274,Perl,2
Sofia,42.68334943,23.31665401,C++,2
Sofia,42.68334943,23.31665401,C,2
Singapore,1.293033466,103.8558207,Scala,2
Toulouse,43.61995892,1.449926716,JavaScript,2
Roma,-26.55937498,148.7907006,ActionScript,2
Santiago,-33.45001382,-70.66704085,CoffeeScript,2
Roma,-26.55937498,148.7907006,Makefile,2
Omaha,41.24000083,-96.00999007,Kotlin,2
Omaha,41.24000083,-96.00999007,JavaScript,2
Santiago,19.50000999,-70.67001225,Shell,2
Santiago,19.50000999,-70.67001225,PHP,2
Santiago,19.50000999,-70.67001225,CoffeeScript,2
San Antonio,-33.59951373,-71.60998071,Ruby,2
Santiago,8.100369892,-80.98333622,Shell,2
Santiago,8.100369892,-80.98333622,PHP,2
Nova Friburgo,-22.25999917,-42.54004968,HTML,2
Vancouver,49.27341658,-123.1216442,Assembly,2
Vancouver,49.27341658,-123.1216442,Clojure,2
Vancouver,49.27341658,-123.1216442,HTML,2
Vancouver,49.27341658,-123.1216442,Makefile,2
Venice,45.43865928,12.33499874,Ruby,2
Venice,45.43865928,12.33499874,Swift,2
Santiago,8.100369892,-80.98333622,CoffeeScript,2
San Antonio,29.48733319,-98.50730534,Ruby,2
Santiago,-14.18958738,-75.73996118,Shell,2
Santiago,-14.18958738,-75.73996118,PHP,2
Santiago,-14.18958738,-75.73996118,CoffeeScript,2
Santiago,-33.45001382,-70.66704085,Shell,2
Nottingham,52.97034426,-1.170016725,C#,2
Santiago,-33.45001382,-70.66704085,PHP,2
Omaha,41.24000083,-96.00999007,PHP,2
Omaha,41.24000083,-96.00999007,Shell,2
Scottsdale,-41.14949217,147.5166699,Objective-C,2
Oslo,59.91669029,10.74997921,Lex,2
Roma,-26.55937498,148.7907006,Shell,2
Rosario,-32.95112954,-60.66630762,Java,2
Toulouse,43.61995892,1.449926716,Objective-C,2
Toulouse,43.61995892,1.449926716,PHP,2
Seoul,37.5663491,126.999731,Shell,2
Tulsa,36.12000327,-95.93002079,C,2
Turku,60.4538668,22.25496171,JavaScript,2
Rosario,-24.41960895,-57.10001367,Java,2
Ottawa,45.4166968,-75.7000153,JavaScript,2
Oslo,59.91669029,10.74997921,XProc,2
Oslo,59.91669029,10.74997921,CSS,2
Scottsdale,33.69234784,-111.8680402,Objective-C,2
Oslo,59.91669029,10.74997921,C++,2
Rosario,-2.940041485,-44.26002222,Java,2
Oslo,59.91669029,10.74997921,C,2
Vancouver,45.63030133,-122.6399925,Assembly,2
Vancouver,45.63030133,-122.6399925,Clojure,2
Vancouver,45.63030133,-122.6399925,HTML,2
Ontario,44.02662661,-116.9618895,Ruby,2
Ontario,44.02662661,-116.9618895,C,2
Vancouver,45.63030133,-122.6399925,Makefile,2
Portland,-38.33999957,141.5900032,Groovy,2
Sale,-38.10957436,147.0600052,HTML,2
Ålesund,62.54541872,6.388023233,VimL,2
Kanazawa,36.56000226,136.6400211,Shell,2
Buenos Aires,-34.60250161,-58.39753137,HTML,2
Belgrade,44.81864545,20.46799068,Ruby,2
Belgrade,44.81864545,20.46799068,Python,2
Belgrade,44.81864545,20.46799068,CoffeeScript,2
Fort Collins,40.56068829,-105.0588693,JavaScript,2
Fort Collins,40.56068829,-105.0588693,Java,2
Lisbon,38.72272288,-9.144866305,Java,2
Buenos Aires,-34.60250161,-58.39753137,C++,2
London,37.12888226,-84.08335372,CoffeeScript,2
Burlington,44.47579816,-73.21246688,C#,2
London,37.12888226,-84.08335372,Emacs Lisp,2
London,37.12888226,-84.08335372,Haskell,2
London,37.12888226,-84.08335372,PostScript,2
Eugene,44.05001019,-123.1000161,PHP,2
Buenos Aires,-34.60250161,-58.39753137,Haskell,2
Buenos Aires,-34.60250161,-58.39753137,Perl,2
Beijing,39.92889223,116.3882857,Cuda,2
Budapest,47.50000633,19.08332068,Shell,2
Leeds,53.83000755,-1.580017539,Ruby,2
Belo Horizonte,-19.91502602,-43.91500452,C++,2
Belo Horizonte,-19.91502602,-43.91500452,Ruby,2
Fort Wayne,41.08039817,-85.12998234,Ruby,2
Budapest,47.50000633,19.08332068,Assembly,2
Berkeley,37.87390139,-122.271152,JavaScript,2
Berkeley,37.87390139,-122.271152,CSS,2
Lagos,6.443261653,3.391531071,Java,2
Lagos,6.443261653,3.391531071,PHP,2
Lagos,6.443261653,3.391531071,Python,2
Budapest,47.50000633,19.08332068,Clojure,2
Lausanne,46.53042727,6.650022744,JavaScript,2
Lawrence,38.95975242,-95.25522994,Shell,2
Fort Wayne,41.08039817,-85.12998234,Objective-C,2
Budapest,47.50000633,19.08332068,CoffeeScript,2
Budapest,47.50000633,19.08332068,HTML,2
Budapest,47.50000633,19.08332068,Scala,2
Belo Horizonte,-19.91502602,-43.91500452,Shell,2
Beijing,39.92889223,116.3882857,C,2
London,42.9699986,-81.24998661,CoffeeScript,2
London,42.9699986,-81.24998661,Emacs Lisp,2
Burlington,40.80793418,-91.11276961,C#,2
Dublin,53.33306114,-6.248905682,Objective-C,2
Dublin,53.33306114,-6.248905682,Go,2
Dublin,53.33306114,-6.248905682,C++,2
Dublin,32.53745709,-82.91828272,Shell,2
Dublin,32.53745709,-82.91828272,Objective-C,2
Bangkok,13.74999921,100.5166447,R,2
Bangkok,13.74999921,100.5166447,Jupyter Notebook,2
Bangkok,13.74999921,100.5166447,HTML,2
Dublin,32.53745709,-82.91828272,Go,2
Los Angeles,33.98997825,-118.1799805,C++,2
Los Angeles,33.98997825,-118.1799805,Jupyter Notebook,2
Los Angeles,33.98997825,-118.1799805,Matlab,2
Los Angeles,33.98997825,-118.1799805,R,2
Los Angeles,33.98997825,-118.1799805,VimL,2
Dublin,32.53745709,-82.91828272,C++,2
Dublin,53.33306114,-6.248905682,Shell,2
Los Angeles,-37.46000161,-72.35998661,VimL,2
London,42.9699986,-81.24998661,Haskell,2
Los Angeles,-37.46000161,-72.35998661,R,2
London,42.9699986,-81.24998661,PostScript,2
Edinburgh,55.94832786,-3.219090618,Shell,2
Edinburgh,55.94832786,-3.219090618,CoffeeScript,2
London,51.49999473,-0.116721844,CoffeeScript,2
London,51.49999473,-0.116721844,Emacs Lisp,2
London,51.49999473,-0.116721844,Haskell,2
London,51.49999473,-0.116721844,PostScript,2
Edinburgh,55.94832786,-3.219090618,CSS,2
Buffalo,42.87997825,-78.88000208,PHP,2
Buffalo,42.87997825,-78.88000208,Perl,2
Durham,35.99995892,-78.91999964,Emacs Lisp,2
Durham,35.99995892,-78.91999964,Common Lisp,2
Los Angeles,-37.46000161,-72.35998661,C++,2
Los Angeles,-37.46000161,-72.35998661,Jupyter Notebook,2
Los Angeles,-37.46000161,-72.35998661,Matlab,2
Fortaleza,-3.750017884,-38.57998132,JavaScript,2
Berlin,52.52181866,13.40154862,Common Lisp,2
Budapest,47.50000633,19.08332068,API Blueprint,2
Halifax,44.65002525,-63.60000452,Ruby,2
Brisbane,-27.45503091,153.0350927,F#,2
Gurgaon,28.45000633,77.01999101,C#,2
Grenoble,45.18038047,5.720001992,Python,2
Brisbane,-27.45503091,153.0350927,Haskell,2
Hyderabad,25.379987,68.37498897,CSS,2
Brisbane,-27.45503091,153.0350927,Puppet,2
Brisbane,-27.45503091,153.0350927,Python,2
Brisbane,-27.45503091,153.0350927,Rust,2
Brisbane,-27.45503091,153.0350927,Visual Basic,2
Indianapolis,39.74998842,-86.17004806,C#,2
Irvine,33.68041058,-117.8299502,CSS,2
Irvine,33.68041058,-117.8299502,Java,2
Irvine,33.68041058,-117.8299502,Python,2
Irvine,33.68041058,-117.8299502,VimL,2
Bologna,44.50042198,11.34002071,Shell,2
Halifax,44.65002525,-63.60000452,C,2
Brighton,50.83034568,-0.169974407,Shell,2
Istanbul,41.10499615,29.01000159,PHP,2
Hyderabad,17.39998313,78.47995357,CSS,2
Hamburg,53.55002464,9.999999144,Shell,2
Hobart,-42.85000853,147.2950297,C,2
Hobart,-42.85000853,147.2950297,CoffeeScript,2
Hong Kong,22.3049809,114.1850093,PHP,2
Hamburg,53.55002464,9.999999144,C,2
Brasilia,-15.78334023,-47.91605229,JavaScript,2
Bremen,53.08000165,8.80002071,Objective-C,2
Brighton,50.83034568,-0.169974407,C,2
Boulder,40.03844627,-105.246093,JavaScript,2
Boulder,40.03844627,-105.246093,CSS,2
Halmstad,56.67177207,12.85558712,Java,2
Huntsville,30.72376935,-95.55058659,Shell,2
Brighton,50.83034568,-0.169974407,Elixir,2
Huntsville,34.71995953,-86.60999536,Shell,2
Brighton,50.83034568,-0.169974407,PHP,2
Istanbul,41.10499615,29.01000159,Java,2
Bucaramanga,7.1300932,-73.12588302,JavaScript,2
Frauenfeld,47.56799717,9.108000502,ColdFusion,2
Granada,11.93372764,-85.94998397,Ruby,2
Birmingham,33.53000633,-86.82499516,JavaScript,2
Granada,11.93372764,-85.94998397,C,2
Goiania,-16.72002724,-49.30002466,Ruby,2
Goiania,-16.72002724,-49.30002466,JavaScript,2
Goiania,-16.72002724,-49.30002466,HTML,2
Bern,46.91668276,7.466975462,C++,2
Kigali,-1.953590069,30.06053178,Arduino,2
Kigali,-1.953590069,30.06053178,C,2
Kigali,-1.953590069,30.06053178,Eagle,2
Kigali,-1.953590069,30.06053178,JavaScript,2
Kigali,-1.953590069,30.06053178,Shell,2
Bucharest,44.4333718,26.09994665,PHP,2
Knoxville,35.97001243,-83.92003036,CSS,2
Kraków,50.05997927,19.96001135,Objective-C,2
Fukuoka,33.59501528,130.4100138,CSS,2
Granada,11.93372764,-85.94998397,Python,2
Kiev,50.43336733,30.51662797,Python,2
Jakarta,-6.174417705,106.8294376,CSS,2
Kiev,50.43336733,30.51662797,Java,2
Jakarta,-6.174417705,106.8294376,Ruby,2
Jyväskylä,62.26034568,25.74999385,CoffeeScript,2
Jyväskylä,62.26034568,25.74999385,Lua,2
Jyväskylä,62.26034568,25.74999385,Ruby,2
Kampala,0.316658955,32.58332353,Go,2
Kampala,0.316658955,32.58332353,Objective-C,2
Bloomington,40.48459475,-88.99359664,JavaScript,2
Bloomington,39.16565716,-86.52640873,JavaScript,2
Birmingham,52.47497398,-1.919996787,JavaScript,2
Granada,37.16497825,-3.585011435,Shell,2
Granada,37.16497825,-3.585011435,Ruby,2
Granada,37.16497825,-3.585011435,Python,2
Granada,37.16497825,-3.585011435,C,2
Granada,11.93372764,-85.94998397,Shell,2
Kiev,50.43336733,30.51662797,C++,2
Bangkok,13.74999921,100.5166447,CSS,2
Durham,35.99995892,-78.91999964,Java,2
Denver,39.73918805,-104.984016,Shell,2
Manchester,53.50041526,-2.247987103,C++,2
Dallas,32.82002382,-96.84001693,Java,2
Carlsbad,32.420565,-104.2282998,C,2
Columbia,35.61499534,-87.03526656,Shell,2
Minneapolis,44.97997927,-93.25178634,Objective-C,2
Delhi,28.6699929,77.23000403,PHP,2
Denver,39.73918805,-104.984016,C++,2
Ann Arbor,42.30037539,-83.71999089,PHP,2
Ann Arbor,42.30037539,-83.71999089,Lua,2
Ann Arbor,42.30037539,-83.71999089,Haskell,2
Medellin,6.275003274,-75.57501001,JavaScript,2
Cambridge,52.20039125,0.116623086,VimL,2
Alexandria,43.90163107,25.28670654,Ruby,2
Charlotte,35.20499453,-80.83003809,HTML,2
Atlanta,33.83001385,-84.39994938,C++,2
Atlanta,33.83001385,-84.39994938,Groovy,2
Atlanta,33.83001385,-84.39994938,Java,2
Manchester,53.50041526,-2.247987103,Shell,2
Melbourne,28.08331036,-80.60832035,F#,2
Melbourne,28.08331036,-80.60832035,HTML,2
Manchester,53.50041526,-2.247987103,Processing,2
Alexandria,38.82043276,-77.09998153,Ruby,2
Manchester,53.50041526,-2.247987103,Perl,2
Manchester,53.50041526,-2.247987103,HCL,2
Dallas,32.82002382,-96.84001693,CSS,2
Minneapolis,44.97997927,-93.25178634,HTML,2
Concord,43.20807192,-71.53804712,PHP,2
Amman,31.95002525,35.93329993,PHP,2
Cape Town,-33.92001097,18.43498816,Python,2
Cape Town,-33.92001097,18.43498816,HTML,2
Columbia,38.95207847,-92.33390955,HTML,2
Columbia,34.0399752,-80.89998214,Shell,2
Amsterdam,52.34996869,4.916640176,CSS,2
Annapolis,38.9783301,-76.49249923,JavaScript,2
Melbourne,-37.82003131,144.9750162,TypeScript,2
Melbourne,-37.82003131,144.9750162,Haskell,2
Melbourne,-37.82003131,144.9750162,HTML,2
Annapolis,38.9783301,-76.49249923,PHP,2
Columbia,34.0399752,-80.89998214,HTML,2
Concord,43.20807192,-71.53804712,Java,2
Annecy,45.89997479,6.116670287,C++,2
Annecy,45.89997479,6.116670287,Java,2
Caracas,10.50099855,-66.91703719,C,2
Chandigarh,30.71999697,76.78000565,PHP,2
Caracas,10.50099855,-66.91703719,VimL,2
Melbourne,-37.82003131,144.9750162,F#,2
Milwaukee,43.05265505,-87.91996708,Java,2
Milwaukee,43.05265505,-87.91996708,TypeScript,2
Minneapolis,44.97997927,-93.25178634,C++,2
Concord,43.20807192,-71.53804712,CoffeeScript,2
Amman,31.95002525,35.93329993,Ruby,2
Cluj-Napoca,46.78842185,23.5984456,Ruby,2
Detroit,42.32996014,-83.08005579,C++,2
Lowell,42.63368837,-71.31669112,Ruby,2
Atlanta,33.83001385,-84.39994938,VimL,2
Anchorage,61.21996991,-149.9002149,Shell,2
Austin,30.26694969,-97.74277836,KiCad,2
Anchorage,61.21996991,-149.9002149,Java,2
Missoula,46.87224103,-113.9930526,Gnuplot,2
Missoula,46.87224103,-113.9930526,Shell,2
Milan,45.4699752,9.20500891,C#,2
Luzern,47.05042137,8.280000772,PHP,2
Luzern,47.05042137,8.280000772,JavaScript,2
Louisville,38.22501691,-85.74870427,CSS,2
Madrid,40.40002626,-3.683351686,PHP,2
Amsterdam,52.34996869,4.916640176,Ruby,2
Akron,41.07039878,-81.51999597,VimL,2
Chennai,13.08998781,80.27999874,HTML,2
Adelaide,-34.93498777,138.6000048,R,2
Adelaide,-34.93498777,138.6000048,HTML,2
Moscow,55.75216412,37.61552283,C,2
Chicago,41.82999066,-87.75005497,Objective-C,2
Bangalore,12.96999514,77.56000972,Shell,2
Bangalore,12.96999514,77.56000972,VimL,2
Madrid,40.40002626,-3.683351686,C++,2
Milan,45.4699752,9.20500891,Ruby,2
Columbia,38.95207847,-92.33390955,Shell,2
Manchester,42.99599184,-71.45528731,HCL,2
Alexandria,31.31109784,-92.44501388,Ruby,2
Chelyabinsk,55.15499127,61.43866817,JavaScript,2
Melbourne,28.08331036,-80.60832035,Haskell,2
Manchester,42.99599184,-71.45528731,Shell,2
Manchester,42.99599184,-71.45528731,Processing,2
Detroit,42.32996014,-83.08005579,HTML,2
Detroit,42.32996014,-83.08005579,CSS,2
Alexandria,31.20001935,29.94999589,Ruby,2
Manchester,42.99599184,-71.45528731,Perl,2
Manchester,42.99599184,-71.45528731,C++,2
Auckland,-36.850013,174.7649808,CoffeeScript,2
Auckland,-36.850013,174.7649808,Ruby,2
Cambridge,52.20039125,0.116623086,Perl,2
Madrid,40.40002626,-3.683351686,Ruby,2
Melbourne,28.08331036,-80.60832035,TypeScript,2
Minsk,53.89997744,27.56662716,Java,2
Ann Arbor,42.30037539,-83.71999089,Arduino,2
Columbia,35.61499534,-87.03526656,HTML,2
Amsterdam,52.34996869,4.916640176,Perl,2
Cambridge,52.20039125,0.116623086,Makefile,2
Cambridge,52.20039125,0.116623086,Shell,2
Stavanger,58.97000389,5.680004434,Ruby,1
Seoul,37.5663491,126.999731,HTML,1
Stavanger,58.97000389,5.680004434,VimL,1
Bucaramanga,7.1300932,-73.12588302,C,1
Stavanger,58.97000389,5.680004434,Shell,1
Stavanger,58.97000389,5.680004434,TypeScript,1
Bucaramanga,7.1300932,-73.12588302,Go,1
Carlsbad,32.420565,-104.2282998,Shell,1
Burlington,44.47579816,-73.21246688,CSS,1
Brussels,50.83331708,4.333316608,TeX,1
Seattle,47.57000205,-122.339985,Scala,1
Sydney,-33.92001097,151.1851798,ApacheConf,1
Chennai,13.08998781,80.27999874,C,1
Brasilia,-15.78334023,-47.91605229,CSS,1
Bremen,53.08000165,8.80002071,Processing,1
Chelyabinsk,55.15499127,61.43866817,Python,1
Chelyabinsk,55.15499127,61.43866817,HTML,1
Chelyabinsk,55.15499127,61.43866817,CSS,1
Chelyabinsk,55.15499127,61.43866817,C++,1
Seattle,47.57000205,-122.339985,C++,1
Seattle,47.57000205,-122.339985,CoffeeScript,1
Seattle,47.57000205,-122.339985,Java,1
Seattle,47.57000205,-122.339985,Kotlin,1
Seattle,47.57000205,-122.339985,Nginx,1
Seattle,47.57000205,-122.339985,PowerShell,1
Stuttgart,48.77997988,9.199996296,Objective-C,1
Brussels,50.83331708,4.333316608,Scala,1
Stuttgart,48.77997988,9.199996296,HTML,1
Brisbane,-27.45503091,153.0350927,Shell,1
Brussels,50.83331708,4.333316608,Arduino,1
Stavanger,58.97000389,5.680004434,PHP,1
Brussels,50.83331708,4.333316608,C++,1
Brussels,50.83331708,4.333316608,CSS,1
Brussels,50.83331708,4.333316608,Eagle,1
Brussels,50.83331708,4.333316608,Go,1
Brussels,50.83331708,4.333316608,HTML,1
Stockholm,59.35075995,18.09733473,Protocol Buffer,1
Brussels,50.83331708,4.333316608,Java,1
Brussels,50.83331708,4.333316608,Makefile,1
Brussels,50.83331708,4.333316608,Processing,1
Brussels,50.83331708,4.333316608,Python,1
Stavanger,58.97000389,5.680004434,Perl,1
Bucharest,44.4333718,26.09994665,Python,1
Seoul,37.5663491,126.999731,Objective-C,1
Cambridge,52.20039125,0.116623086,ActionScript,1
Singapore,1.293033466,103.8558207,C,1
Sydney,-33.92001097,151.1851798,Lua,1
Sofia,42.68334943,23.31665401,Go,1
Sofia,42.68334943,23.31665401,HTML,1
Sofia,42.68334943,23.31665401,Lua,1
Sofia,42.68334943,23.31665401,Perl,1
Buenos Aires,-34.60250161,-58.39753137,TeX,1
Buenos Aires,-34.60250161,-58.39753137,Go,1
Buenos Aires,-34.60250161,-58.39753137,Emacs Lisp,1
Buenos Aires,-34.60250161,-58.39753137,Clojure,1
Southampton,50.90003135,-1.399976849,C#,1
Southampton,50.90003135,-1.399976849,CSS,1
Southampton,50.90003135,-1.399976849,Clojure,1
Southampton,50.90003135,-1.399976849,Ruby,1
Southampton,50.90003135,-1.399976849,Yacc,1
Sofia,42.68334943,23.31665401,CSS,1
Singapore,1.293033466,103.8558207,Go,1
Singapore,1.293033466,103.8558207,Objective-C,1
Singapore,1.293033466,103.8558207,VimL,1
Burlington,44.47579816,-73.21246688,Java,1
Burlington,44.47579816,-73.21246688,Kotlin,1
Calgary,51.08299176,-114.0799982,CSS,1
Calgary,51.08299176,-114.0799982,VimL,1
Sioux Falls,43.54998903,-96.7299978,Emacs Lisp,1
Sioux Falls,43.54998903,-96.7299978,Clojure,1
Singapore,1.293033466,103.8558207,TeX,1
Buffalo,42.87997825,-78.88000208,Python,1
Burlington,40.80793418,-91.11276961,Kotlin,1
Burlington,40.80793418,-91.11276961,Java,1
Singapore,1.293033466,103.8558207,Rust,1
Burlington,40.80793418,-91.11276961,CoffeeScript,1
Burlington,40.80793418,-91.11276961,CSS,1
Singapore,1.293033466,103.8558207,PHP,1
Budapest,47.50000633,19.08332068,PHP,1
Cambridge,52.20039125,0.116623086,C++,1
Stavanger,58.97000389,5.680004434,Go,1
Cambridge,52.20039125,0.116623086,CoffeeScript,1
Bucharest,44.4333718,26.09994665,Objective-C,1
Cape Town,-33.92001097,18.43498816,PHP,1
Bucaramanga,7.1300932,-73.12588302,Ruby,1
Cape Town,-33.92001097,18.43498816,Rust,1
Cape Town,-33.92001097,18.43498816,Scheme,1
Seville,37.40501528,-5.980007366,Ruby,1
Carlsbad,32.420565,-104.2282998,Arduino,1
Carlsbad,32.420565,-104.2282998,Kotlin,1
Seoul,37.5663491,126.999731,Swift,1
Seoul,37.5663491,126.999731,Rust,1
Bucaramanga,7.1300932,-73.12588302,HTML,1
Stavanger,58.97000389,5.680004434,Arduino,1
Stavanger,58.97000389,5.680004434,C,1
Stavanger,58.97000389,5.680004434,C++,1
Stavanger,58.97000389,5.680004434,CSS,1
Burlington,44.47579816,-73.21246688,CoffeeScript,1
Cape Town,-33.92001097,18.43498816,CoffeeScript,1
Canberra,-35.28302855,149.1290262,Ruby,1
St. Petersburg,27.77053876,-82.67938257,C#,1
Campina Grande,-7.230012188,-35.88001693,C,1
Spokane,47.66999595,-117.4199494,C++,1
Campina Grande,-7.230012188,-35.88001693,CSS,1
St. Paul,44.94398663,-93.08497481,CSS,1
Campina Grande,-7.230012188,-35.88001693,PHP,1
Campina Grande,-7.230012188,-35.88001693,VimL,1
St. Petersburg,27.77053876,-82.67938257,CSS,1
Shanghai,31.21645245,121.4365047,C,1
St. Petersburg,27.77053876,-82.67938257,CoffeeScript,1
St. Petersburg,59.93901451,30.31602006,C#,1
St. Petersburg,59.93901451,30.31602006,CSS,1
St. Petersburg,59.93901451,30.31602006,CoffeeScript,1
Canberra,-35.28302855,149.1290262,PHP,1
Shanghai,31.21645245,121.4365047,Rust,1
Sydney,-33.92001097,151.1851798,HTML,1
Moscow,55.75216412,37.61552283,TypeScript,1
Sydney,-33.92001097,151.1851798,Objective-C++,1
Auckland,-36.850013,174.7649808,VimL,1
Austin,30.26694969,-97.74277836,VimL,1
Austin,30.26694969,-97.74277836,Shell,1
Austin,30.26694969,-97.74277836,Puppet,1
Austin,30.26694969,-97.74277836,HCL,1
Austin,30.26694969,-97.74277836,Go,1
Austin,30.26694969,-97.74277836,CoffeeScript,1
Vancouver,49.27341658,-123.1216442,Go,1
Vancouver,49.27341658,-123.1216442,Java,1
Austin,30.26694969,-97.74277836,Arduino,1
Venice,45.43865928,12.33499874,JavaScript,1
Venice,45.43865928,12.33499874,Shell,1
Auckland,-36.850013,174.7649808,C,1
Tulsa,36.12000327,-95.93002079,CSS,1
Atlanta,33.83001385,-84.39994938,Makefile,1
Atlanta,33.83001385,-84.39994938,HTML,1
Atlanta,33.83001385,-84.39994938,F#,1
Vienna,48.20001528,16.36663896,HTML,1
Athens,37.98332623,23.73332108,Ruby,1
Athens,37.98332623,23.73332108,PHP,1
Athens,37.98332623,23.73332108,Go,1
Vilnius,54.68336631,25.31663529,C++,1
Vilnius,54.68336631,25.31663529,Clojure,1
Vilnius,54.68336631,25.31663529,CoffeeScript,1
Vilnius,54.68336631,25.31663529,Logos,1
Baltimore,39.29999005,-76.61998499,JavaScript,1
Baltimore,39.29999005,-76.61998499,VimL,1
Bangalore,12.96999514,77.56000972,CSS,1
Bangalore,12.96999514,77.56000972,HTML,1
Tulsa,36.12000327,-95.93002079,Java,1
Tulsa,36.12000327,-95.93002079,Lua,1
Tulsa,36.12000327,-95.93002079,PHP,1
Tulsa,36.12000327,-95.93002079,Shell,1
Tulsa,36.12000327,-95.93002079,TypeScript,1
Barcelona,41.38329958,2.183370319,CSS,1
Turku,60.4538668,22.25496171,C,1
Turku,60.4538668,22.25496171,C++,1
Turku,60.4538668,22.25496171,PHP,1
Barcelona,10.13037518,-64.72001367,Ruby,1
Barcelona,10.13037518,-64.72001367,Python,1
Barcelona,10.13037518,-64.72001367,HTML,1
Barcelona,10.13037518,-64.72001367,Emacs Lisp,1
Barcelona,10.13037518,-64.72001367,D,1
Barcelona,10.13037518,-64.72001367,Cuda,1
Barcelona,10.13037518,-64.72001367,CSS,1
Bangkok,13.74999921,100.5166447,Shell,1
Bangkok,13.74999921,100.5166447,Perl,1
Bangkok,13.74999921,100.5166447,PHP,1
Bangkok,13.74999921,100.5166447,Go,1
Vancouver,45.63030133,-122.6399925,Go,1
Vancouver,45.63030133,-122.6399925,Java,1
Bangalore,12.96999514,77.56000972,Puppet,1
Vilnius,54.68336631,25.31663529,TeX,1
Vilnius,54.68336631,25.31663529,VimL,1
Athens,33.96129783,-83.3780221,Ruby,1
Amsterdam,52.34996869,4.916640176,Shell,1
Amsterdam,52.34996869,4.916640176,Scala,1
Amsterdam,52.34996869,4.916640176,HTML,1
Amsterdam,52.34996869,4.916640176,ActionScript,1
Amman,31.95002525,35.93329993,JavaScript,1
Wroclaw,51.11043194,17.03000932,Python,1
Alexandria,43.90163107,25.28670654,Python,1
Alexandria,38.82043276,-77.09998153,Python,1
Alexandria,31.31109784,-92.44501388,Python,1
Xiamen,24.44999208,118.080017,C++,1
Xiamen,24.44999208,118.080017,HTML,1
Xiamen,24.44999208,118.080017,Python,1
Xiamen,24.44999208,118.080017,Ruby,1
Xiamen,24.44999208,118.080017,Swift,1
Alexandria,31.20001935,29.94999589,Python,1
Yogyakarta,-7.77995278,110.3750093,ActionScript,1
Yogyakarta,-7.77995278,110.3750093,Java,1
Yogyakarta,-7.77995278,110.3750093,Ruby,1
Zürich,47.37998781,8.55001013,C,1
Akron,41.07039878,-81.51999597,F#,1
Akron,41.07039878,-81.51999597,CSS,1
Adelaide,-34.93498777,138.6000048,XSLT,1
Accra,5.550034606,-0.21671574,HTML,1
Accra,5.550034606,-0.21671574,Go,1
Wellington,-41.29997394,174.7832743,TypeScript,1
Anchorage,61.21996991,-149.9002149,C,1
Athens,33.96129783,-83.3780221,PHP,1
Anchorage,61.21996991,-149.9002149,HTML,1
Athens,33.96129783,-83.3780221,Go,1
Armenia,4.534282653,-75.68112757,PHP,1
Armenia,4.534282653,-75.68112757,JavaScript,1
Virginia,47.52367413,-92.53640365,CSS,1
Virginia,47.52367413,-92.53640365,Perl,1
Ann Arbor,42.30037539,-83.71999089,Shell,1
Vitória,-20.32399331,-40.36599634,C++,1
Vitória,-20.32399331,-40.36599634,PHP,1
Volos,39.36995994,22.95000972,JavaScript,1
Ann Arbor,42.30037539,-83.71999089,R,1
Växjö,56.88369712,14.81670772,JavaScript,1
Växjö,56.88369712,14.81670772,PHP,1
Ann Arbor,42.30037539,-83.71999089,Perl,1
Ann Arbor,42.30037539,-83.71999089,Objective-C,1
Ann Arbor,42.30037539,-83.71999089,Nix,1
Wales,65.60959861,-168.0875027,HTML,1
Wales,65.60959861,-168.0875027,JavaScript,1
Warsaw,52.25000063,20.99999955,Go,1
Warsaw,52.25000063,20.99999955,Python,1
Ann Arbor,42.30037539,-83.71999089,Java,1
Waterloo,42.49315432,-92.34279789,C#,1
Waterloo,42.49315432,-92.34279789,Java,1
Anchorage,61.21996991,-149.9002149,Scheme,1
Tulsa,36.12000327,-95.93002079,CoffeeScript,1
Barcelona,41.38329958,2.183370319,Cuda,1
Sydney,-33.92001097,151.1851798,Pascal,1
Taipei,25.03583333,121.5683333,Jupyter Notebook,1
Szeged,46.25039268,20.15002559,Java,1
Szeged,46.25039268,20.15002559,TeX,1
Boise,43.60859011,-116.2274899,TypeScript,1
Boise,43.60859011,-116.2274899,Python,1
Boise,43.60859011,-116.2274899,CoffeeScript,1
Bogor,-6.570000795,106.7500109,PHP,1
Bogor,-6.570000795,106.7500109,CSS,1
Bloomington,40.48459475,-88.99359664,C#,1
Taipei,25.03583333,121.5683333,CSS,1
Taipei,25.03583333,121.5683333,Cuda,1
Taipei,25.03583333,121.5683333,Go,1
Taipei,25.03583333,121.5683333,Matlab,1
Barcelona,41.38329958,2.183370319,D,1
Taipei,25.03583333,121.5683333,PHP,1
Taipei,25.03583333,121.5683333,Ruby,1
Taipei,25.03583333,121.5683333,Scala,1
Taipei,25.03583333,121.5683333,VimL,1
Bloomington,39.16565716,-86.52640873,C#,1
Tallinn,59.43387738,24.72804073,Java,1
Birmingham,52.47497398,-1.919996787,VimL,1
Chennai,13.08998781,80.27999874,R,1
Birmingham,52.47497398,-1.919996787,Objective-C,1
Birmingham,52.47497398,-1.919996787,CSS,1
Birmingham,52.47497398,-1.919996787,C++,1
Szeged,46.25039268,20.15002559,C#,1
Szeged,46.25039268,20.15002559,C,1
Bologna,44.50042198,11.34002071,Ada,1
Bologna,44.50042198,11.34002071,C++,1
Sydney,-33.92001097,151.1851798,Swift,1
Sydney,-33.92001097,151.1851798,VimL,1
Boulder,40.03844627,-105.246093,Shell,1
Boulder,40.03844627,-105.246093,R,1
Boulder,40.03844627,-105.246093,Jupyter Notebook,1
Boulder,40.03844627,-105.246093,HTML,1
Boulder,40.03844627,-105.246093,Go,1
Boston,42.32996014,-71.07001367,VimL,1
Boston,42.32996014,-71.07001367,Java,1
Boston,42.32996014,-71.07001367,CoffeeScript,1
Boston,42.32996014,-71.07001367,Arduino,1
Bologna,44.50042198,11.34002071,TeX,1
Sydney,46.06611452,-60.17998071,ApacheConf,1
Sydney,46.06611452,-60.17998071,HTML,1
Sydney,46.06611452,-60.17998071,Lua,1
Sydney,46.06611452,-60.17998071,Objective-C++,1
Sydney,46.06611452,-60.17998071,Pascal,1
Sydney,46.06611452,-60.17998071,Swift,1
Sydney,46.06611452,-60.17998071,VimL,1
Bologna,44.50042198,11.34002071,Python,1
Bologna,44.50042198,11.34002071,CSS,1
Szczecin,53.42039431,14.53000688,C#,1
Szczecin,53.42039431,14.53000688,HTML,1
Birmingham,52.47497398,-1.919996787,C#,1
Birmingham,33.53000633,-86.82499516,VimL,1
Birmingham,33.53000633,-86.82499516,Objective-C,1
Tokyo,35.68501691,139.7514074,CoffeeScript,1
Tokyo,35.68501691,139.7514074,Puppet,1
Tokyo,35.68501691,139.7514074,VimL,1
Belo Horizonte,-19.91502602,-43.91500452,CSS,1
Belgrade,44.81864545,20.46799068,Shell,1
Belgrade,44.81864545,20.46799068,Matlab,1
Beijing,39.92889223,116.3882857,Swift,1
Beijing,39.92889223,116.3882857,Scala,1
Toronto,43.69997988,-79.42002079,C#,1
Toronto,43.69997988,-79.42002079,C++,1
Toronto,43.69997988,-79.42002079,CSS,1
Toronto,43.69997988,-79.42002079,Clojure,1
Toronto,43.69997988,-79.42002079,Go,1
Toronto,43.69997988,-79.42002079,Haskell,1
Toronto,43.69997988,-79.42002079,Processing,1
Toronto,43.69997988,-79.42002079,Swift,1
Toronto,43.69997988,-79.42002079,UnrealScript,1
Toronto,43.69997988,-79.42002079,VimL,1
Beijing,39.92889223,116.3882857,R,1
Beijing,39.92889223,116.3882857,PHP,1
Barcelona,41.38329958,2.183370319,Ruby,1
Barcelona,41.38329958,2.183370319,Python,1
Barcelona,41.38329958,2.183370319,HTML,1
Barcelona,41.38329958,2.183370319,Emacs Lisp,1
Tokyo,35.68501691,139.7514074,Jupyter Notebook,1
Tokyo,35.68501691,139.7514074,CMake,1
Birmingham,33.53000633,-86.82499516,CSS,1
Tokyo,35.68501691,139.7514074,Arduino,1
Tampere,61.5000045,23.75001257,CoffeeScript,1
Birmingham,33.53000633,-86.82499516,C++,1
Tbilisi,41.72500999,44.79079545,HTML,1
Birmingham,33.53000633,-86.82499516,C#,1
Bern,46.91668276,7.466975462,Java,1
Bern,46.91668276,7.466975462,D,1
The Hague,52.08003684,4.269961302,C,1
The Hague,52.08003684,4.269961302,Shell,1
Berlin,52.52181866,13.40154862,TeX,1
Berlin,52.52181866,13.40154862,PostScript,1
Berlin,52.52181866,13.40154862,Nginx,1
Berlin,52.52181866,13.40154862,Makefile,1
Berlin,52.52181866,13.40154862,Jupyter Notebook,1
Berlin,52.52181866,13.40154862,Haskell,1
Berlin,52.52181866,13.40154862,ActionScript,1
Berkeley,37.87390139,-122.271152,Shell,1
Berkeley,37.87390139,-122.271152,Makefile,1
Berkeley,37.87390139,-122.271152,Java,1
Bend,44.071921,-121.3099962,CoffeeScript,1
Bend,44.071921,-121.3099962,CSS,1
Bend,44.071921,-121.3099962,C,1
Belo Horizonte,-19.91502602,-43.91500452,TeX,1
Belo Horizonte,-19.91502602,-43.91500452,Clojure,1
Chennai,13.08998781,80.27999874,Objective-C,1
San Rafael,-34.60002114,-68.33333317,Shell,1
Chennai,13.08998781,80.27999874,VimL,1
Pisa,43.72046958,10.40002641,Python,1
London,51.49999473,-0.116721844,TypeScript,1
London,51.49999473,-0.116721844,Prolog,1
London,51.49999473,-0.116721844,Elixir,1
London,51.49999473,-0.116721844,ApacheConf,1
Pittsburgh,40.4299986,-79.99998539,HTML,1
Pittsburgh,40.4299986,-79.99998539,Java,1
Pittsburgh,40.4299986,-79.99998539,Lua,1
Pittsburgh,40.4299986,-79.99998539,Matlab,1
Pittsburgh,40.4299986,-79.99998539,REALbasic,1
London,42.9699986,-81.24998661,VimL,1
London,42.9699986,-81.24998661,TypeScript,1
London,42.9699986,-81.24998661,Prolog,1
London,42.9699986,-81.24998661,Elixir,1
London,42.9699986,-81.24998661,ApacheConf,1
London,37.12888226,-84.08335372,VimL,1
London,37.12888226,-84.08335372,TypeScript,1
London,37.12888226,-84.08335372,Prolog,1
London,37.12888226,-84.08335372,Elixir,1
London,37.12888226,-84.08335372,ApacheConf,1
Portland,-38.33999957,141.5900032,Elixir,1
Portland,-38.33999957,141.5900032,HaXe,1
Portland,-38.33999957,141.5900032,TeX,1
Portland,-38.33999957,141.5900032,VimL,1
London,51.49999473,-0.116721844,VimL,1
Los Angeles,-37.46000161,-72.35998661,Clojure,1
Lisbon,38.72272288,-9.144866305,Perl,1
Philadelphia,39.99997316,-75.16999597,Puppet,1
Los Angeles,33.98997825,-118.1799805,CoffeeScript,1
Los Angeles,33.98997825,-118.1799805,Clojure,1
Paris,48.86669293,2.333335326,Lasso,1
Paris,48.86669293,2.333335326,Matlab,1
Paris,48.86669293,2.333335326,Objective-C,1
Paris,48.86669293,2.333335326,TypeScript,1
Paris,48.86669293,2.333335326,XSLT,1
Perth,-31.95501463,115.8399987,C#,1
Perth,56.40034161,-3.469979697,C#,1
Los Angeles,-37.46000161,-72.35998661,Shell,1
Los Angeles,-37.46000161,-72.35998661,PHP,1
Los Angeles,-37.46000161,-72.35998661,Objective-C,1
Los Angeles,-37.46000161,-72.35998661,OCaml,1
Los Angeles,-37.46000161,-72.35998661,Haskell,1
Los Angeles,-37.46000161,-72.35998661,HTML,1
Los Angeles,-37.46000161,-72.35998661,Elixir,1
Los Angeles,-37.46000161,-72.35998661,CoffeeScript,1
Philadelphia,39.99997316,-75.16999597,Arduino,1
Philadelphia,39.99997316,-75.16999597,CoffeeScript,1
Philadelphia,39.99997316,-75.16999597,Go,1
Philadelphia,39.99997316,-75.16999597,Haxe,1
Philadelphia,39.99997316,-75.16999597,Objective-C,1
Philadelphia,39.99997316,-75.16999597,PLpgSQL,1
Lisbon,38.72272288,-9.144866305,VimL,1
Lisbon,38.72272288,-9.144866305,HTML,1
Red Deer,52.26664044,-113.8000411,JavaScript,1
Portland,45.52002382,-122.6799901,Elixir,1
Portland,45.52002382,-122.6799901,TeX,1
Portland,45.52002382,-122.6799901,VimL,1
Kuala Lumpur,3.166665872,101.6999833,C++,1
Kraków,50.05997927,19.96001135,JavaScript,1
Porto Alegre,-30.05001463,-51.20001205,Batchfile,1
Porto Alegre,-30.05001463,-51.20001205,C++,1
Porto Alegre,-30.05001463,-51.20001205,Shell,1
Kigali,-1.953590069,30.06053178,Ruby,1
Kigali,-1.953590069,30.06053178,C++,1
Kiev,50.43336733,30.51662797,TeX,1
Prague,50.08333701,14.46597978,C++,1
Prague,50.08333701,14.46597978,HTML,1
Prague,50.08333701,14.46597978,Lua,1
Prague,50.08333701,14.46597978,Python,1
Kiev,50.43336733,30.51662797,HaXe,1
Kiev,50.43336733,30.51662797,HTML,1
Kiev,50.43336733,30.51662797,CSS,1
Katowice,50.26038047,19.02001705,Swift,1
Provo,40.24889854,-111.63777,C,1
Provo,40.24889854,-111.63777,JavaScript,1
Provo,40.24889854,-111.63777,Python,1
Provo,40.24889854,-111.63777,Shell,1
Raleigh,35.81878135,-78.64469344,Java,1
Portland,45.52002382,-122.6799901,HaXe,1
Kuala Lumpur,3.166665872,101.6999833,Ruby,1
Lisbon,38.72272288,-9.144866305,CoffeeScript,1
Kuala Lumpur,3.166665872,101.6999833,VimL,1
Lisbon,38.72272288,-9.144866305,CSS,1
Lincoln,40.81997479,-96.68000086,PHP,1
Lincoln,-34.88000405,-61.53994938,PHP,1
Lexington,38.05001467,-84.50002079,Ruby,1
Lexington,38.05001467,-84.50002079,Python,1
Lexington,38.05001467,-84.50002079,C++,1
Lexington,38.05001467,-84.50002079,C,1
Leeds,53.83000755,-1.580017539,JavaScript,1
Portland,43.67216158,-70.2455274,Elixir,1
Portland,43.67216158,-70.2455274,HaXe,1
Portland,43.67216158,-70.2455274,TeX,1
Portland,43.67216158,-70.2455274,VimL,1
Lawrence,38.95975242,-95.25522994,VimL,1
Lawrence,38.95975242,-95.25522994,Groovy,1
Lawrence,38.95975242,-95.25522994,Go,1
Lawrence,38.95975242,-95.25522994,C,1
Lausanne,46.53042727,6.650022744,VimL,1
Lausanne,46.53042727,6.650022744,Shell,1
Lausanne,46.53042727,6.650022744,Python,1
Las Vegas,36.20999778,-115.2200061,VimL,1
Las Vegas,36.20999778,-115.2200061,Objective-C,1
Las Vegas,35.59701194,-105.2225027,VimL,1
Las Vegas,35.59701194,-105.2225027,Objective-C,1
Los Angeles,33.98997825,-118.1799805,Elixir,1
Los Angeles,33.98997825,-118.1799805,HTML,1
Los Angeles,33.98997825,-118.1799805,Haskell,1
Milan,45.4699752,9.20500891,Swift,1
New Delhi,28.60002301,77.19998002,Python,1
Milan,45.4699752,9.20500891,Racket,1
Milan,45.4699752,9.20500891,Python,1
Milan,45.4699752,9.20500891,Arduino,1
New Haven,41.33038291,-72.90000533,Python,1
New Haven,41.33038291,-72.90000533,VimL,1
Mexico City,19.44244244,-99.1309882,Liquid,1
Mexico City,19.44244244,-99.1309882,CSS,1
Memphis,35.1199868,-89.99999516,Java,1
Melbourne,28.08331036,-80.60832035,VimL,1
Melbourne,28.08331036,-80.60832035,Matlab,1
Melbourne,28.08331036,-80.60832035,Groovy,1
Melbourne,28.08331036,-80.60832035,Emacs Lisp,1
Melbourne,28.08331036,-80.60832035,CoffeeScript,1
Melbourne,28.08331036,-80.60832035,Arduino,1
Melbourne,28.08331036,-80.60832035,AppleScript,1
Melbourne,-37.82003131,144.9750162,VimL,1
Melbourne,-37.82003131,144.9750162,Matlab,1
Melbourne,-37.82003131,144.9750162,Groovy,1
Melbourne,-37.82003131,144.9750162,Emacs Lisp,1
New York,40.74997906,-73.98001693,ActionScript,1
New York,40.74997906,-73.98001693,CoffeeScript,1
New York,40.74997906,-73.98001693,F#,1
New Delhi,28.60002301,77.19998002,JavaScript,1
Milan,45.4699752,9.20500891,VimL,1
Los Angeles,33.98997825,-118.1799805,OCaml,1
Minneapolis,44.97997927,-93.25178634,C#,1
Moscow,55.75216412,37.61552283,Objective-C,1
Moscow,55.75216412,37.61552283,HTML,1
Montréal,45.49999921,-73.58329696,Lasso,1
Montréal,45.49999921,-73.58329696,CSS,1
Montréal,45.49999921,-73.58329696,C,1
Montevideo,-34.85804157,-56.17105229,Clojure,1
Missoula,46.87224103,-113.9930526,OpenEdge ABL,1
Missoula,46.87224103,-113.9930526,Java,1
Missoula,46.87224103,-113.9930526,HTML,1
Munich,48.12994204,11.57499345,C#,1
Munich,48.12994204,11.57499345,C++,1
Munich,48.12994204,11.57499345,CoffeeScript,1
Munich,48.12994204,11.57499345,Lua,1
Munich,48.12994204,11.57499345,Nix,1
Minsk,53.89997744,27.56662716,Shell,1
Nagano,36.64999676,138.1700052,C,1
Minneapolis,44.97997927,-93.25178634,VimL,1
Minneapolis,44.97997927,-93.25178634,TeX,1
Minneapolis,44.97997927,-93.25178634,Processing,1
Minneapolis,44.97997927,-93.25178634,PowerShell,1
Minneapolis,44.97997927,-93.25178634,Go,1
Minneapolis,44.97997927,-93.25178634,Emacs Lisp,1
Minneapolis,44.97997927,-93.25178634,CoffeeScript,1
New York,40.74997906,-73.98001693,Haskell,1
New York,40.74997906,-73.98001693,Nimrod,1
New York,40.74997906,-73.98001693,OCaml,1
New York,40.74997906,-73.98001693,OpenEdge ABL,1
Oakland,37.76892071,-122.2211034,Java,1
Oakland,37.76892071,-122.2211034,Python,1
Manchester,53.50041526,-2.247987103,Objective-C,1
Manchester,53.50041526,-2.247987103,Java,1
Manchester,53.50041526,-2.247987103,C,1
Manchester,53.50041526,-2.247987103,Arduino,1
Manchester,42.99599184,-71.45528731,Objective-C,1
Manchester,42.99599184,-71.45528731,Java,1
Ontario,44.02662661,-116.9618895,CoffeeScript,1
Manchester,42.99599184,-71.45528731,C,1
Manchester,42.99599184,-71.45528731,Arduino,1
Madrid,40.40002626,-3.683351686,Objective-C,1
Madrid,40.40002626,-3.683351686,HTML,1
Madrid,40.40002626,-3.683351686,C,1
Oslo,59.91669029,10.74997921,CoffeeScript,1
Oslo,59.91669029,10.74997921,TeX,1
Ottawa,45.4166968,-75.7000153,Lua,1
Ottawa,45.4166968,-75.7000153,PHP,1
Ottawa,45.4166968,-75.7000153,Python,1
Madison,43.07301556,-89.40111699,PHP,1
Los Angeles,33.98997825,-118.1799805,Shell,1
Los Angeles,33.98997825,-118.1799805,PHP,1
Los Angeles,33.98997825,-118.1799805,Objective-C,1
Oakland,37.76892071,-122.2211034,HTML,1
Oakland,37.76892071,-122.2211034,CoffeeScript,1
Oakland,37.76892071,-122.2211034,Arduino,1
Nottingham,52.97034426,-1.170016725,HTML,1
New York,40.74997906,-73.98001693,Perl,1
New York,40.74997906,-73.98001693,Rust,1
New York,40.74997906,-73.98001693,TypeScript,1
New York,40.74997906,-73.98001693,VimL,1
New York,40.74997906,-73.98001693,XSLT,1
Melbourne,-37.82003131,144.9750162,CoffeeScript,1
Melbourne,-37.82003131,144.9750162,Arduino,1
Niteroi,-22.90001178,-43.09998967,JavaScript,1
Niteroi,-22.90001178,-43.09998967,Ruby,1
Melbourne,-37.82003131,144.9750162,AppleScript,1
Nottingham,52.97034426,-1.170016725,Java,1
Medellin,6.275003274,-75.57501001,C,1
Nottingham,52.97034426,-1.170016725,Python,1
Medellin,6.275003274,-75.57501001,Shell,1
Nova Friburgo,-22.25999917,-42.54004968,Java,1
Nova Friburgo,-22.25999917,-42.54004968,JavaScript,1
Medellin,6.275003274,-75.57501001,HTML,1
Medellin,6.275003274,-75.57501001,Emacs Lisp,1
Accra,5.550034606,-0.21671574,C,1
Novi Sad,45.2503762,19.84994055,ActionScript,1
Novi Sad,45.2503762,19.84994055,PHP,1
Novi Sad,45.2503762,19.84994055,Python,1
Katowice,50.26038047,19.02001705,PHP,1
Kanazawa,36.56000226,136.6400211,JavaScript,1
Chicago,41.82999066,-87.75005497,Arduino,1
Edinburgh,55.94832786,-3.219090618,Perl6,1
Edinburgh,55.94832786,-3.219090618,C,1
Durham,35.99995892,-78.91999964,Perl,1
Durham,35.99995892,-78.91999964,Jasmin,1
Durham,35.99995892,-78.91999964,C++,1
San Jose,13.93972958,-90.82003203,Haskell,1
San Jose,13.93972958,-90.82003203,TeX,1
Durham,35.99995892,-78.91999964,C,1
Duluth,46.78333173,-92.10637822,Ruby,1
Duluth,46.78333173,-92.10637822,JavaScript,1
Duluth,46.78333173,-92.10637822,C#,1
Dublin,53.33306114,-6.248905682,CSS,1
Dublin,32.53745709,-82.91828272,CSS,1
San Jose,37.29998293,-121.8499891,Haskell,1
San Jose,37.29998293,-121.8499891,TeX,1
Dhaka,23.72305971,90.40857947,PHP,1
Detroit,42.32996014,-83.08005579,Scala,1
San Rafael,-34.60002114,-68.33333317,Emacs Lisp,1
San Rafael,-34.60002114,-68.33333317,Java,1
San Rafael,-34.60002114,-68.33333317,Python,1
Moscow,55.75216412,37.61552283,Perl,1
Detroit,42.32996014,-83.08005579,Python,1
Detroit,42.32996014,-83.08005579,Puppet,1
Detroit,42.32996014,-83.08005579,Groovy,1
Edinburgh,55.94832786,-3.219090618,C++,1
Edinburgh,55.94832786,-3.219090618,PureScript,1
San Rafael,-16.77950682,-60.6799502,Java,1
Edinburgh,55.94832786,-3.219090618,TypeScript,1
San Francisco,37.74000775,-122.4599777,ActionScript,1
San Francisco,37.74000775,-122.4599777,ApacheConf,1
San Francisco,37.74000775,-122.4599777,Awk,1
San Francisco,37.74000775,-122.4599777,Brainfuck,1
San Francisco,37.74000775,-122.4599777,Clojure,1
San Francisco,37.74000775,-122.4599777,F#,1
San Francisco,37.74000775,-122.4599777,Haskell,1
San Francisco,37.74000775,-122.4599777,Jupyter Notebook,1
Fort Collins,40.56068829,-105.0588693,Shell,1
Fort Collins,40.56068829,-105.0588693,Rust,1
Fort Collins,40.56068829,-105.0588693,Python,1
Fort Collins,40.56068829,-105.0588693,Perl,1
Fort Collins,40.56068829,-105.0588693,C++,1
Fort Collins,40.56068829,-105.0588693,C#,1
Evanston,42.04834943,-87.69995467,TeX,1
Evanston,42.04834943,-87.69995467,Matlab,1
Evanston,42.04834943,-87.69995467,JavaScript,1
Evanston,42.04834943,-87.69995467,C,1
Eugene,44.05001019,-123.1000161,Java,1
San Jose,9.93501243,-84.08405135,Haskell,1
San Jose,9.93501243,-84.08405135,TeX,1
Edmonton,53.55002464,-113.4999819,Shell,1
Edmonton,53.55002464,-113.4999819,Objective-C,1
San Rafael,-16.77950682,-60.6799502,Emacs Lisp,1
San Rafael,-16.77950682,-60.6799502,Python,1
Kanazawa,36.56000226,136.6400211,C++,1
Santiago,-14.18958738,-75.73996118,HTML,1
Columbia,35.61499534,-87.03526656,C++,1
Columbia,34.0399752,-80.89998214,Ruby,1
Columbia,34.0399752,-80.89998214,Perl6,1
Columbia,34.0399752,-80.89998214,Perl,1
Santiago,8.100369892,-80.98333622,CSS,1
Santiago,8.100369892,-80.98333622,HTML,1
Santiago,8.100369892,-80.98333622,VimL,1
Columbia,34.0399752,-80.89998214,C++,1
Cluj-Napoca,46.78842185,23.5984456,VimL,1
Cluj-Napoca,46.78842185,23.5984456,Shell,1
Santiago,19.50000999,-70.67001225,CSS,1
Santiago,19.50000999,-70.67001225,HTML,1
Santiago,19.50000999,-70.67001225,VimL,1
Cleveland,41.4699868,-81.69499821,Java,1
Cleveland,41.4699868,-81.69499821,C,1
Cleveland,41.4699868,-81.69499821,Arduino,1
Cleveland,41.4699868,-81.69499821,ASP,1
Chicago,41.82999066,-87.75005497,TypeScript,1
Chicago,41.82999066,-87.75005497,Prolog,1
Chicago,41.82999066,-87.75005497,PLpgSQL,1
Chicago,41.82999066,-87.75005497,Lua,1
Chicago,41.82999066,-87.75005497,Kotlin,1
Chicago,41.82999066,-87.75005497,C,1
Santiago,-14.18958738,-75.73996118,VimL,1
Santiago,-14.18958738,-75.73996118,CSS,1
San Rafael,-16.77950682,-60.6799502,Shell,1
Columbia,35.61499534,-87.03526656,Perl,1
Santa Cruz,-17.75391762,-63.22599634,HTML,1
Santa Cruz,-6.219996319,-36.02998194,HTML,1
Santa Cruz,-0.533315004,-90.34999964,HTML,1
Santa Cruz,36.97194629,-122.0263904,HTML,1
Detroit,42.32996014,-83.08005579,C#,1
Detroit,42.32996014,-83.08005579,C,1
Denver,39.73918805,-104.984016,Perl,1
Denver,39.73918805,-104.984016,Go,1
Dallas,32.82002382,-96.84001693,Shell,1
Dallas,32.82002382,-96.84001693,Python,1
Dallas,32.82002382,-96.84001693,CoffeeScript,1
Curitiba,-25.420013,-49.3199976,VimL,1
Columbus,39.97997438,-82.9900096,Java,1
Columbus,32.47043276,-84.98001734,Java,1
Columbia,38.95207847,-92.33390955,Ruby,1
Columbia,38.95207847,-92.33390955,Perl6,1
Columbia,38.95207847,-92.33390955,Perl,1
Santiago,-33.45001382,-70.66704085,CSS,1
Santiago,-33.45001382,-70.66704085,HTML,1
Santiago,-33.45001382,-70.66704085,VimL,1
Columbia,38.95207847,-92.33390955,C++,1
Columbia,35.61499534,-87.03526656,Ruby,1
Columbia,35.61499534,-87.03526656,Perl6,1
Fortaleza,-3.750017884,-38.57998132,Java,1
Fukuoka,33.59501528,130.4100138,Emacs Lisp,1
Fukuoka,33.59501528,130.4100138,PHP,1
Hyderabad,25.379987,68.37498897,TypeScript,1
Hyderabad,25.379987,68.37498897,Shell,1
Hyderabad,25.379987,68.37498897,PHP,1
Hyderabad,25.379987,68.37498897,Objective-C,1
Hyderabad,25.379987,68.37498897,Java,1
Sacramento,38.57502138,-121.4700381,VimL,1
Hyderabad,25.379987,68.37498897,CoffeeScript,1
Hyderabad,17.39998313,78.47995357,TypeScript,1
Hyderabad,17.39998313,78.47995357,Swift,1
Hyderabad,17.39998313,78.47995357,Shell,1
Hyderabad,17.39998313,78.47995357,PHP,1
Hyderabad,17.39998313,78.47995357,Objective-C,1
Hyderabad,17.39998313,78.47995357,Java,1
Hyderabad,17.39998313,78.47995357,CoffeeScript,1
Huntsville,34.71995953,-86.60999536,VimL,1
Huntsville,30.72376935,-95.55058659,VimL,1
San Antonio,-33.59951373,-71.60998071,C,1
San Antonio,-33.59951373,-71.60998071,JavaScript,1
San Antonio,-33.59951373,-71.60998071,PHP,1
Houston,29.81997438,-95.33997929,PHP,1
Houston,29.81997438,-95.33997929,Java,1
Hong Kong,22.3049809,114.1850093,Go,1
San Antonio,29.48733319,-98.50730534,C,1
San Antonio,29.48733319,-98.50730534,JavaScript,1
Hyderabad,25.379987,68.37498897,Swift,1
Indianapolis,39.74998842,-86.17004806,CSS,1
Fukuoka,33.59501528,130.4100138,Python,1
Indianapolis,39.74998842,-86.17004806,Ruby,1
Kampala,0.316658955,32.58332353,VimL,1
Kampala,0.316658955,32.58332353,Puppet,1
Kampala,0.316658955,32.58332353,PHP,1
Rio de Janeiro,-22.92502317,-43.22502079,CSS,1
Rio de Janeiro,-22.92502317,-43.22502079,CoffeeScript,1
Rio de Janeiro,-22.92502317,-43.22502079,Java,1
Rio de Janeiro,-22.92502317,-43.22502079,VimL,1
Kampala,0.316658955,32.58332353,CSS,1
Jakarta,-6.174417705,106.8294376,Go,1
Rome,41.89595563,12.48325842,C,1
Jakarta,-6.174417705,106.8294376,C#,1
Rosario,-32.95112954,-60.66630762,Lua,1
Rosario,-32.95112954,-60.66630762,Python,1
Istanbul,41.10499615,29.01000159,VimL,1
Istanbul,41.10499615,29.01000159,HTML,1
Istanbul,41.10499615,29.01000159,Arduino,1
Rosario,-24.41960895,-57.10001367,Lua,1
Rosario,-24.41960895,-57.10001367,Python,1
Irvine,33.68041058,-117.8299502,Shell,1
Rosario,-2.940041485,-44.26002222,Lua,1
Rosario,-2.940041485,-44.26002222,Python,1
Irvine,33.68041058,-117.8299502,Go,1
Innsbruck,47.28040733,11.4099906,C++,1
San Antonio,29.48733319,-98.50730534,PHP,1
Helsinki,60.17556337,24.93412634,Swift,1
Harrisburg,40.27359987,-76.88474919,JavaScript,1
Harrisburg,40.27359987,-76.88474919,C#,1
Greenville,33.41037539,-91.06168746,JavaScript,1
Greenville,33.41037539,-91.06168746,CSS,1
Greenville,33.41037539,-91.06168746,C++,1
Greenville,33.41037539,-91.06168746,C,1
Greenville,5.011126932,-9.038812908,TeX,1
San Francisco,-31.43003375,-62.08996749,ActionScript,1
San Francisco,-31.43003375,-62.08996749,ApacheConf,1
San Francisco,-31.43003375,-62.08996749,Awk,1
San Francisco,-31.43003375,-62.08996749,Brainfuck,1
San Francisco,-31.43003375,-62.08996749,Clojure,1
San Francisco,-31.43003375,-62.08996749,F#,1
San Francisco,-31.43003375,-62.08996749,Haskell,1
San Francisco,-31.43003375,-62.08996749,Jupyter Notebook,1
Greenville,5.011126932,-9.038812908,Python,1
Greenville,5.011126932,-9.038812908,JavaScript,1
Greenville,5.011126932,-9.038812908,CSS,1
Greenville,5.011126932,-9.038812908,C++,1
Greenville,5.011126932,-9.038812908,C,1
Grand Rapids,42.96371991,-85.66994938,Java,1
Grand Rapids,42.96371991,-85.66994938,HTML,1
Grand Rapids,42.96371991,-85.66994938,CSS,1
Grand Rapids,42.96371991,-85.66994938,C++,1
Galway,53.272393,-9.048812298,C,1
Greenville,33.41037539,-91.06168746,Python,1
Greenville,33.41037539,-91.06168746,TeX,1
Greenville,34.85292299,-82.3941545,C,1
Halifax,44.65002525,-63.60000452,Java,1
Harrisburg,40.27359987,-76.88474919,ActionScript,1
Hangzhou,30.24997398,120.1700187,Shell,1
Hamburg,53.55002464,9.999999144,Kotlin,1
San Diego,32.82002382,-117.1799899,Assembly,1
San Diego,32.82002382,-117.1799899,C,1
San Diego,32.82002382,-117.1799899,CSS,1
San Diego,32.82002382,-117.1799899,Shell,1
Halmstad,56.67177207,12.85558712,PHP,1
Halifax,44.65002525,-63.60000452,VimL,1
Halifax,44.65002525,-63.60000452,Scala,1
Gurgaon,28.45000633,77.01999101,JavaScript,1
Greenville,34.85292299,-82.3941545,C++,1
Greenville,35.61287661,-77.3666836,TeX,1
Greenville,35.61287661,-77.3666836,Python,1
Greenville,35.61287661,-77.3666836,JavaScript,1
Greenville,35.61287661,-77.3666836,CSS,1
Greenville,35.61287661,-77.3666836,C++,1
Greenville,35.61287661,-77.3666836,C,1
Greenville,34.85292299,-82.3941545,TeX,1
Greenville,34.85292299,-82.3941545,Python,1
Greenville,34.85292299,-82.3941545,JavaScript,1
Greenville,34.85292299,-82.3941545,CSS,1
Medellin,6.275003274,-75.57501001,Common Lisp,1
